ID,ShortName,NPCPrice,ATK,MATK,DEF,MDEF,Slots,STR,AGI,VIT,INT,DEX,LUK,MinLvl,HRMin,HRMax,SRMin,SRMax,CardHit,CardCrit,CardFlee,CardSkill
501,Red_Potion,50,0,0,0,0,0,0,0,0,0,0,0,0,45,65,0,0,0,0,0,0
502,Orange_Potion,200,0,0,0,0,0,0,0,0,0,0,0,0,105,145,0,0,0,0,0,0
503,Yellow_potion,550,0,0,0,0,0,0,0,0,0,0,0,0,175,235,0,0,0,0,0,0
504,White_Potion,1200,0,0,0,0,0,0,0,0,0,0,0,0,325,405,0,0,0,0,0,0
505,Blue_Potion,5000,0,0,0,0,0,0,0,0,0,0,0,0,0,0,40,60,0,0,0,0
506,Green_Potion,40,0,0,0,0,0,0,0,0,0,0,0,0,0,0,0,0,0,0,0,0
507,Red_Herb,18,0,0,0,0,0,0,0,0,0,0,0,0,18,28,0,0,0,0,0,0
508,Yellow_Herb,40,0,0,0,0,0,0,0,0,0,0,0,0,38,58,0,0,0,0,0,0
509,White_Herb,120,0,0,0,0,0,0,0,0,0,0,0,0,75,115,0,0,0,0,0,0
510,Blue_Herb,60,0,0,0,0,0,0,0,0,0,0,0,0,0,0,15,30,0,0,0,0
511,Green_Herb,10,0,0,0,0,0,0,0,0,0,0,0,0,0,0,0,0,0,0,0,0
512,Apple,15,0,0,0,0,0,0,0,0,0,0,0,0,16,22,0,0,0,0,0,0
513,Banana,15,0,0,0,0,0,0,0,0,0,0,0,0,17,21,0,0,0,0,0,0
514,Grape,200,0,0,0,0,0,0,0,0,0,0,0,0,0,0,10,15,0,0,0,0
515,Carrot,15,0,0,0,0,0,0,0,0,0,0,0,0,18,20,0,0,0,0,0,0
516,Sweet_Potato,15,0,0,0,0,0,0,0,0,0,0,0,0,15,23,0,0,0,0,0,0
517,Meat,50,0,0,0,0,0,0,0,0,0,0,0,0,70,100,0,0,0,0,0,0
518,Honey,500,0,0,0,0,0,0,0,0,0,0,0,0,70,100,20,40,0,0,0,0
519,Milk,25,0,0,0,0,0,0,0,0,0,0,0,0,27,37,0,0,0,0,0,0
520,Hinalle_Leaflet,150,0,0,0,0,0,0,0,0,0,0,0,0,175,235,0,0,0,0,0,0
521,Aloe_Leaflet,360,0,0,0,0,0,0,0,0,0,0,0,0,325,405,0,0,0,0,0,0
522,Mastela_Fruit,840,0,0,0,0,0,0,0,0,0,0,0,0,400,600,0,0,0,0,0,0
523,Holy_Water,20,0,0,0,0,0,0,0,0,0,0,0,0,0,0,0,0,0,0,0,0
525,Panacea,500,0,0,0,0,0,0,0,0,0,0,0,0,0,0,0,0,0,0,0,0
526,Royal_Jelly,7000,0,0,0,0,0,0,0,0,0,0,0,0,325,405,40,60,0,0,0,0
528,Monsters_Feed,60,0,0,0,0,0,0,0,0,0,0,0,0,72,108,0,0,0,0,0,0
529,Candy,10,0,0,0,0,0,0,0,0,0,0,0,0,45,65,0,0,0,0,0,0
530,Candy_Cane,20,0,0,0,0,0,0,0,0,0,0,0,0,105,145,0,0,0,0,0,0
531,Apple_Juice,20,0,0,0,0,0,0,0,0,0,0,0,0,25,35,0,0,0,0,0,0
532,Banana_Juice,20,0,0,0,0,0,0,0,0,0,0,0,0,26,34,0,0,0,0,0,0
533,Grape_Juice,250,0,0,0,0,0,0,0,0,0,0,0,0,0,0,15,25,0,0,0,0
534,Carrot_Juice,20,0,0,0,0,0,0,0,0,0,0,0,0,27,33,0,0,0,0,0,0
535,Pumkin,15,0,0,0,0,0,0,0,0,0,0,0,0,19,19,0,0,0,0,0,0
536,Ice_Cream,150,0,0,0,0,0,0,0,0,0,0,0,0,105,145,0,0,0,0,0,0
537,Pet_Food,1000,0,0,0,0,0,0,0,0,0,0,0,0,50,90,0,0,0,0,0,0
601,Fly_Wing,60,0,0,0,0,0,0,0,0,0,0,0,0,0,0,0,0,0,0,0,0
602,Butterfly_Wing,300,0,0,0,0,0,0,0,0,0,0,0,0,0,0,0,0,0,0,0,0
603,Old_Blue_Box,10000,0,0,0,0,0,0,0,0,0,0,0,0,0,0,0,0,0,0,0,0
604,Dead_Branch,50,0,0,0,0,0,0,0,0,0,0,0,0,0,0,0,0,0,0,0,0
605,Anodyne,2000,0,0,0,0,0,0,0,0,0,0,0,0,0,0,0,0,0,0,0,0
606,Aloe_Vera,1500,0,0,0,0,0,0,0,0,0,0,0,0,0,0,0,0,0,0,0,0
607,Yggdrasilberry,5000,0,0,0,0,0,0,0,0,0,0,0,0,0,0,0,0,0,0,0,0
608,Yggdrasil_Seed,5000,0,0,0,0,0,0,0,0,0,0,0,0,0,0,0,0,0,0,0,0
609,Amulet,100,0,0,0,0,0,0,0,0,0,0,0,0,0,0,0,0,0,0,0,0
610,Yggdrasil_Leaf,4000,0,0,0,0,0,0,0,0,0,0,0,0,0,0,0,0,0,0,0,0
611,Magnifier,40,0,0,0,0,0,0,0,0,0,0,0,0,0,0,0,0,0,0,0,0
612,Mini_Furnace,150,0,0,0,0,0,0,0,0,0,0,0,0,0,0,0,0,0,0,0,0
613,Iron_Hammer,1000,0,0,0,0,0,0,0,0,0,0,0,0,0,0,0,0,0,0,0,0
614,Golden_Hammer,3000,0,0,0,0,0,0,0,0,0,0,0,0,0,0,0,0,0,0,0,0
615,Oridecon_Hammer,5000,0,0,0,0,0,0,0,0,0,0,0,0,0,0,0,0,0,0,0,0
616,Old_Card_Album,10000,0,0,0,0,0,0,0,0,0,0,0,0,0,0,0,0,0,0,0,0
617,Old_Purple_Box,10000,0,0,0,0,0,0,0,0,0,0,0,0,0,0,0,0,0,0,0,0
618,Worn_Out_Scroll,50,0,0,0,0,0,0,0,0,0,0,0,0,0,0,0,0,0,0,0,0
619,Unripe_Apple,1000,0,0,0,0,0,0,0,0,0,0,0,0,0,0,0,0,0,0,0,0
620,Orange_Juice,1500,0,0,0,0,0,0,0,0,0,0,0,0,0,0,0,0,0,0,0,0
621,Bitter_Herb,20,0,0,0,0,0,0,0,0,0,0,0,0,0,0,0,0,0,0,0,0
622,Rainbow_Carrot,2500,0,0,0,0,0,0,0,0,0,0,0,0,0,0,0,0,0,0,0,0
623,Earthworm_the_Dude,4000,0,0,0,0,0,0,0,0,0,0,0,0,0,0,0,0,0,0,0,0
624,Rotten_Fish,2500,0,0,0,0,0,0,0,0,0,0,0,0,0,0,0,0,0,0,0,0
625,Rusty_Iron,100,0,0,0,0,0,0,0,0,0,0,0,0,0,0,0,0,0,0,0,0
626,Monster_Juice,1500,0,0,0,0,0,0,0,0,0,0,0,0,0,0,0,0,0,0,0,0
627,Sweet_Milk,7000,0,0,0,0,0,0,0,0,0,0,0,0,0,0,0,0,0,0,0,0
628,Well-Dried_Bone,10000,0,0,0,0,0,0,0,0,0,0,0,0,0,0,0,0,0,0,0,0
629,Singing_Flower,300,0,0,0,0,0,0,0,0,0,0,0,0,0,0,0,0,0,0,0,0
630,Dew_Laden_Moss,10,0,0,0,0,0,0,0,0,0,0,0,0,0,0,0,0,0,0,0,0
631,Deadly_Noxious_Herb,20,0,0,0,0,0,0,0,0,0,0,0,0,0,0,0,0,0,0,0,0
632,Fatty_Chubby_Earthworm,5000,0,0,0,0,0,0,0,0,0,0,0,0,0,0,0,0,0,0,0,0
633,Baked_Yam,20,0,0,0,0,0,0,0,0,0,0,0,0,0,0,0,0,0,0,0,0
634,Tropical_Banana,20,0,0,0,0,0,0,0,0,0,0,0,0,0,0,0,0,0,0,0,0
636,No_Recipient,100,0,0,0,0,0,0,0,0,0,0,0,0,0,0,0,0,0,0,0,0
637,Old_Broom,350,0,0,0,0,0,0,0,0,0,0,0,0,0,0,0,0,0,0,0,0
638,Silver_Knife_of_Chastity,12000,0,0,0,0,0,0,0,0,0,0,0,0,0,0,0,0,0,0,0,0
639,Armlet_of_Obedience,18000,0,0,0,0,0,0,0,0,0,0,0,0,0,0,0,0,0,0,0,0
640,Shining_Stone,3000,0,0,0,0,0,0,0,0,0,0,0,0,0,0,0,0,0,0,0,0
641,Contracts_in_Shadow,100,0,0,0,0,0,0,0,0,0,0,0,0,0,0,0,0,0,0,0,0
642,Book_of_Devil,1800,0,0,0,0,0,0,0,0,0,0,0,0,0,0,0,0,0,0,0,0
643,Pet_Incubator,3000,0,0,0,0,0,0,0,0,0,0,0,0,0,0,0,0,0,0,0,0
644,Box_Present,1000,0,0,0,0,0,0,0,0,0,0,0,0,0,0,0,0,0,0,0,0
645,Concentration_Potion,800,0,0,0,0,0,0,0,0,0,0,0,0,0,0,0,0,0,0,0,0
656,Awakening_Potion,1500,0,0,0,0,0,0,0,0,0,0,0,0,0,0,0,0,0,0,0,0
657,Berserk_Potion,3000,0,0,0,0,0,0,0,0,0,0,0,0,0,0,0,0,0,0,0,0
701,Ora_Ora,55000,0,0,0,0,0,0,0,0,0,0,0,0,0,0,0,0,0,0,0,0
702,Animal_Gore,450,0,0,0,0,0,0,0,0,0,0,0,0,0,0,0,0,0,0,0,0
703,Hinalle,500,0,0,0,0,0,0,0,0,0,0,0,0,0,0,0,0,0,0,0,0
704,Aloe,500,0,0,0,0,0,0,0,0,0,0,0,0,0,0,0,0,0,0,0,0
705,Clover,10,0,0,0,0,0,0,0,0,0,0,0,0,0,0,0,0,0,0,0,0
706,Four_Leaf_Clover,80000,0,0,0,0,0,0,0,0,0,0,0,0,0,0,0,0,0,0,0,0
707,Singing_Plant,500,0,0,0,0,0,0,0,0,0,0,0,0,0,0,0,0,0,0,0,0
708,Ment,500,0,0,0,0,0,0,0,0,0,0,0,0,0,0,0,0,0,0,0,0
709,Izidor,500,0,0,0,0,0,0,0,0,0,0,0,0,0,0,0,0,0,0,0,0
710,Illusion_Flower,1000,0,0,0,0,0,0,0,0,0,0,0,0,0,0,0,0,0,0,0,0
711,Shoot,16,0,0,0,0,0,0,0,0,0,0,0,0,0,0,0,0,0,0,0,0
712,Flower,2,0,0,0,0,0,0,0,0,0,0,0,0,0,0,0,0,0,0,0,0
713,Empty_Bottle,6,0,0,0,0,0,0,0,0,0,0,0,0,0,0,0,0,0,0,0,0
714,Emperium,2,0,0,0,0,0,0,0,0,0,0,0,0,0,0,0,0,0,0,0,0
715,Yellow_Gemstone,600,0,0,0,0,0,0,0,0,0,0,0,0,0,0,0,0,0,0,0,0
716,Red_Gemstone,600,0,0,0,0,0,0,0,0,0,0,0,0,0,0,0,0,0,0,0,0
717,Blue_Gemstone,600,0,0,0,0,0,0,0,0,0,0,0,0,0,0,0,0,0,0,0,0
718,Garnet,6000,0,0,0,0,0,0,0,0,0,0,0,0,0,0,0,0,0,0,0,0
719,Amethyst,6000,0,0,0,0,0,0,0,0,0,0,0,0,0,0,0,0,0,0,0,0
720,Aquamarine,6000,0,0,0,0,0,0,0,0,0,0,0,0,0,0,0,0,0,0,0,0
721,Emerald,6000,0,0,0,0,0,0,0,0,0,0,0,0,0,0,0,0,0,0,0,0
722,Pearl,6000,0,0,0,0,0,0,0,0,0,0,0,0,0,0,0,0,0,0,0,0
723,Ruby,6000,0,0,0,0,0,0,0,0,0,0,0,0,0,0,0,0,0,0,0,0
724,Cursed_Ruby,600,0,0,0,0,0,0,0,0,0,0,0,0,0,0,0,0,0,0,0,0
725,Sardonyx,6000,0,0,0,0,0,0,0,0,0,0,0,0,0,0,0,0,0,0,0,0
726,Sapphire,6000,0,0,0,0,0,0,0,0,0,0,0,0,0,0,0,0,0,0,0,0
727,Opal,6000,0,0,0,0,0,0,0,0,0,0,0,0,0,0,0,0,0,0,0,0
728,Topaz,6000,0,0,0,0,0,0,0,0,0,0,0,0,0,0,0,0,0,0,0,0
729,Zircon,6000,0,0,0,0,0,0,0,0,0,0,0,0,0,0,0,0,0,0,0,0
730,1carat_Diamond,10000,0,0,0,0,0,0,0,0,0,0,0,0,0,0,0,0,0,0,0,0
731,2carat_Diamond,25000,0,0,0,0,0,0,0,0,0,0,0,0,0,0,0,0,0,0,0,0
732,3carat_Diamond,55000,0,0,0,0,0,0,0,0,0,0,0,0,0,0,0,0,0,0,0,0
733,Cracked_Diamond,10,0,0,0,0,0,0,0,0,0,0,0,0,0,0,0,0,0,0,0,0
734,Red_Frame,3000,0,0,0,0,0,0,0,0,0,0,0,0,0,0,0,0,0,0,0,0
735,Chung_Jah,5000,0,0,0,0,0,0,0,0,0,0,0,0,0,0,0,0,0,0,0,0
736,China,1000,0,0,0,0,0,0,0,0,0,0,0,0,0,0,0,0,0,0,0,0
737,Black_Ladle,400,0,0,0,0,0,0,0,0,0,0,0,0,0,0,0,0,0,0,0,0
738,Pencil_Case,400,0,0,0,0,0,0,0,0,0,0,0,0,0,0,0,0,0,0,0,0
739,Rouge,10000,0,0,0,0,0,0,0,0,0,0,0,0,0,0,0,0,0,0,0,0
740,Puppet,3000,0,0,0,0,0,0,0,0,0,0,0,0,0,0,0,0,0,0,0,0
741,Poring_Doll,3000,0,0,0,0,0,0,0,0,0,0,0,0,0,0,0,0,0,0,0,0
742,Chonchon_Doll,4500,0,0,0,0,0,0,0,0,0,0,0,0,0,0,0,0,0,0,0,0
743,Spore_Doll,5500,0,0,0,0,0,0,0,0,0,0,0,0,0,0,0,0,0,0,0,0
744,Bouquet,2000,0,0,0,0,0,0,0,0,0,0,0,0,0,0,0,0,0,0,0,0
745,Wedding_Bouquet,12000,0,0,0,0,0,0,0,0,0,0,0,0,0,0,0,0,0,0,0,0
746,Glass_Bead,1400,0,0,0,0,0,0,0,0,0,0,0,0,0,0,0,0,0,0,0,0
747,Crystal_Mirror,15000,0,0,0,0,0,0,0,0,0,0,0,0,0,0,0,0,0,0,0,0
748,Witherless_Rose,55000,0,0,0,0,0,0,0,0,0,0,0,0,0,0,0,0,0,0,0,0
749,Frozen_Rose,35000,0,0,0,0,0,0,0,0,0,0,0,0,0,0,0,0,0,0,0,0
750,Baphomet_Doll,18000,0,0,0,0,0,0,0,0,0,0,0,0,0,0,0,0,0,0,0,0
751,Osiris_Doll,14000,0,0,0,0,0,0,0,0,0,0,0,0,0,0,0,0,0,0,0,0
752,Rocker_Doll,4000,0,0,0,0,0,0,0,0,0,0,0,0,0,0,0,0,0,0,0,0
753,Yoyo_Doll,6000,0,0,0,0,0,0,0,0,0,0,0,0,0,0,0,0,0,0,0,0
754,Racoon_Doll,5000,0,0,0,0,0,0,0,0,0,0,0,0,0,0,0,0,0,0,0,0
756,Rough_Oridecon,550,0,0,0,0,0,0,0,0,0,0,0,0,0,0,0,0,0,0,0,0
757,Rough_Elunium,650,0,0,0,0,0,0,0,0,0,0,0,0,0,0,0,0,0,0,0,0
901,Daenggie,260,0,0,0,0,0,0,0,0,0,0,0,0,0,0,0,0,0,0,0,0
902,Tree_Root,12,0,0,0,0,0,0,0,0,0,0,0,0,0,0,0,0,0,0,0,0
903,Reptile_Tongue,140,0,0,0,0,0,0,0,0,0,0,0,0,0,0,0,0,0,0,0,0
904,Scorpion_Tail,124,0,0,0,0,0,0,0,0,0,0,0,0,0,0,0,0,0,0,0,0
905,Stem,46,0,0,0,0,0,0,0,0,0,0,0,0,0,0,0,0,0,0,0,0
906,Pointed_Scale,68,0,0,0,0,0,0,0,0,0,0,0,0,0,0,0,0,0,0,0,0
907,Resin,120,0,0,0,0,0,0,0,0,0,0,0,0,0,0,0,0,0,0,0,0
908,Spawn,140,0,0,0,0,0,0,0,0,0,0,0,0,0,0,0,0,0,0,0,0
909,Jellopy,6,0,0,0,0,0,0,0,0,0,0,0,0,0,0,0,0,0,0,0,0
910,Garlet,40,0,0,0,0,0,0,0,0,0,0,0,0,0,0,0,0,0,0,0,0
911,Scell,160,0,0,0,0,0,0,0,0,0,0,0,0,0,0,0,0,0,0,0,0
912,Zargon,480,0,0,0,0,0,0,0,0,0,0,0,0,0,0,0,0,0,0,0,0
913,Tooth_of_Bat,34,0,0,0,0,0,0,0,0,0,0,0,0,0,0,0,0,0,0,0,0
914,Fluff,8,0,0,0,0,0,0,0,0,0,0,0,0,0,0,0,0,0,0,0,0
915,Chrysalis,8,0,0,0,0,0,0,0,0,0,0,0,0,0,0,0,0,0,0,0,0
916,Feather_of_Birds,10,0,0,0,0,0,0,0,0,0,0,0,0,0,0,0,0,0,0,0,0
917,Talon,20,0,0,0,0,0,0,0,0,0,0,0,0,0,0,0,0,0,0,0,0
918,Sticky_Webfoot,20,0,0,0,0,0,0,0,0,0,0,0,0,0,0,0,0,0,0,0,0
919,Animal_Skin,36,0,0,0,0,0,0,0,0,0,0,0,0,0,0,0,0,0,0,0,0
920,Wolf_Claw,58,0,0,0,0,0,0,0,0,0,0,0,0,0,0,0,0,0,0,0,0
921,Mushroom_Spore,36,0,0,0,0,0,0,0,0,0,0,0,0,0,0,0,0,0,0,0,0
922,Orcs_Fang,220,0,0,0,0,0,0,0,0,0,0,0,0,0,0,0,0,0,0,0,0
923,Evil_Horn,1200,0,0,0,0,0,0,0,0,0,0,0,0,0,0,0,0,0,0,0,0
924,Powder_of_Butterfly,90,0,0,0,0,0,0,0,0,0,0,0,0,0,0,0,0,0,0,0,0
925,Bill_of_Birds,64,0,0,0,0,0,0,0,0,0,0,0,0,0,0,0,0,0,0,0,0
926,Snake_Scale,82,0,0,0,0,0,0,0,0,0,0,0,0,0,0,0,0,0,0,0,0
928,Insect_Feeler,114,0,0,0,0,0,0,0,0,0,0,0,0,0,0,0,0,0,0,0,0
929,Immortal_Heart,374,0,0,0,0,0,0,0,0,0,0,0,0,0,0,0,0,0,0,0,0
930,Rotten_Bandage,350,0,0,0,0,0,0,0,0,0,0,0,0,0,0,0,0,0,0,0,0
931,Orcish_Voucher,142,0,0,0,0,0,0,0,0,0,0,0,0,0,0,0,0,0,0,0,0
932,Skel-Bone,232,0,0,0,0,0,0,0,0,0,0,0,0,0,0,0,0,0,0,0,0
934,Memento,600,0,0,0,0,0,0,0,0,0,0,0,0,0,0,0,0,0,0,0,0
935,Shell,14,0,0,0,0,0,0,0,0,0,0,0,0,0,0,0,0,0,0,0,0
936,Scale_Shell,466,0,0,0,0,0,0,0,0,0,0,0,0,0,0,0,0,0,0,0,0
937,Venom_Canine,148,0,0,0,0,0,0,0,0,0,0,0,0,0,0,0,0,0,0,0,0
938,Sticky_Muscus,70,0,0,0,0,0,0,0,0,0,0,0,0,0,0,0,0,0,0,0,0
939,Bee_Sting,32,0,0,0,0,0,0,0,0,0,0,0,0,0,0,0,0,0,0,0,0
940,Grasshoppers_Leg,36,0,0,0,0,0,0,0,0,0,0,0,0,0,0,0,0,0,0,0,0
941,Nose_Ring,568,0,0,0,0,0,0,0,0,0,0,0,0,0,0,0,0,0,0,0,0
942,Yoyo_Tail,114,0,0,0,0,0,0,0,0,0,0,0,0,0,0,0,0,0,0,0,0
943,Solid_Shell,448,0,0,0,0,0,0,0,0,0,0,0,0,0,0,0,0,0,0,0,0
944,Horseshoe,588,0,0,0,0,0,0,0,0,0,0,0,0,0,0,0,0,0,0,0,0
945,Raccoon_Leaf,106,0,0,0,0,0,0,0,0,0,0,0,0,0,0,0,0,0,0,0,0
946,Snails_Shell,64,0,0,0,0,0,0,0,0,0,0,0,0,0,0,0,0,0,0,0,0
947,Horn,116,0,0,0,0,0,0,0,0,0,0,0,0,0,0,0,0,0,0,0,0
948,Bears_Footskin,174,0,0,0,0,0,0,0,0,0,0,0,0,0,0,0,0,0,0,0,0
949,Feather,20,0,0,0,0,0,0,0,0,0,0,0,0,0,0,0,0,0,0,0,0
950,Heart_of_Mermaid,264,0,0,0,0,0,0,0,0,0,0,0,0,0,0,0,0,0,0,0,0
951,Fin,412,0,0,0,0,0,0,0,0,0,0,0,0,0,0,0,0,0,0,0,0
952,Cactus_Needle,82,0,0,0,0,0,0,0,0,0,0,0,0,0,0,0,0,0,0,0,0
953,Stone_Heart,184,0,0,0,0,0,0,0,0,0,0,0,0,0,0,0,0,0,0,0,0
954,Shining_Scale,466,0,0,0,0,0,0,0,0,0,0,0,0,0,0,0,0,0,0,0,0
955,Worm_Peeling,52,0,0,0,0,0,0,0,0,0,0,0,0,0,0,0,0,0,0,0,0
956,Gill,342,0,0,0,0,0,0,0,0,0,0,0,0,0,0,0,0,0,0,0,0
957,Decayed_Nail,82,0,0,0,0,0,0,0,0,0,0,0,0,0,0,0,0,0,0,0,0
958,Horrendous_Mouth,390,0,0,0,0,0,0,0,0,0,0,0,0,0,0,0,0,0,0,0,0
959,Stinky_Scale,168,0,0,0,0,0,0,0,0,0,0,0,0,0,0,0,0,0,0,0,0
960,Nipper,114,0,0,0,0,0,0,0,0,0,0,0,0,0,0,0,0,0,0,0,0
961,Conch,158,0,0,0,0,0,0,0,0,0,0,0,0,0,0,0,0,0,0,0,0
962,Tentacle,70,0,0,0,0,0,0,0,0,0,0,0,0,0,0,0,0,0,0,0,0
963,Sharp_scale,250,0,0,0,0,0,0,0,0,0,0,0,0,0,0,0,0,0,0,0,0
964,Crab_Shell,90,0,0,0,0,0,0,0,0,0,0,0,0,0,0,0,0,0,0,0,0
965,Clam_Shell,56,0,0,0,0,0,0,0,0,0,0,0,0,0,0,0,0,0,0,0,0
966,Clam_Flesh,158,0,0,0,0,0,0,0,0,0,0,0,0,0,0,0,0,0,0,0,0
967,Turtle_Shell,680,0,0,0,0,0,0,0,0,0,0,0,0,0,0,0,0,0,0,0,0
968,Heroic_Emblem,3000,0,0,0,0,0,0,0,0,0,0,0,0,0,0,0,0,0,0,0,0
969,Gold,200000,0,0,0,0,0,0,0,0,0,0,0,0,0,0,0,0,0,0,0,0
970,Alchol,400,0,0,0,0,0,0,0,0,0,0,0,0,0,0,0,0,0,0,0,0
971,Detrimindexta,400,0,0,0,0,0,0,0,0,0,0,0,0,0,0,0,0,0,0,0,0
972,Karvodailnirol,400,0,0,0,0,0,0,0,0,0,0,0,0,0,0,0,0,0,0,0,0
973,Counteragent,800,0,0,0,0,0,0,0,0,0,0,0,0,0,0,0,0,0,0,0,0
974,Mixture,800,0,0,0,0,0,0,0,0,0,0,0,0,0,0,0,0,0,0,0,0
975,Scarlet_Dyestuffs,8000,0,0,0,0,0,0,0,0,0,0,0,0,0,0,0,0,0,0,0,0
976,Lemon_Dyestuffs,8000,0,0,0,0,0,0,0,0,0,0,0,0,0,0,0,0,0,0,0,0
978,Cobaltblue_Dyestuffs,8000,0,0,0,0,0,0,0,0,0,0,0,0,0,0,0,0,0,0,0,0
979,Darkgreen_Dyestuffs,8000,0,0,0,0,0,0,0,0,0,0,0,0,0,0,0,0,0,0,0,0
980,Orange_Dyestuffs,8000,0,0,0,0,0,0,0,0,0,0,0,0,0,0,0,0,0,0,0,0
981,Violet_Dyestuffs,8000,0,0,0,0,0,0,0,0,0,0,0,0,0,0,0,0,0,0,0,0
982,White_Dyestuffs,8000,0,0,0,0,0,0,0,0,0,0,0,0,0,0,0,0,0,0,0,0
983,Black_Dyestuffs,8000,0,0,0,0,0,0,0,0,0,0,0,0,0,0,0,0,0,0,0,0
984,Oridecon,1100,0,0,0,0,0,0,0,0,0,0,0,0,0,0,0,0,0,0,0,0
985,Elunium,1100,0,0,0,0,0,0,0,0,0,0,0,0,0,0,0,0,0,0,0,0
986,Anvil,30000,0,0,0,0,0,0,0,0,0,0,0,0,0,0,0,0,0,0,0,0
987,Oridecon_Anvil,120000,0,0,0,0,0,0,0,0,0,0,0,0,0,0,0,0,0,0,0,0
988,Golden_Anvil,300000,0,0,0,0,0,0,0,0,0,0,0,0,0,0,0,0,0,0,0,0
989,Emperium_Anvil,600000,0,0,0,0,0,0,0,0,0,0,0,0,0,0,0,0,0,0,0,0
990,Red_Blood,1000,0,0,0,0,0,0,0,0,0,0,0,0,0,0,0,0,0,0,0,0
991,Crystal_Blue,1000,0,0,0,0,0,0,0,0,0,0,0,0,0,0,0,0,0,0,0,0
992,Wind_of_Verdure,1000,0,0,0,0,0,0,0,0,0,0,0,0,0,0,0,0,0,0,0,0
993,Green_Live,1000,0,0,0,0,0,0,0,0,0,0,0,0,0,0,0,0,0,0,0,0
994,Flame_Heart,3000,0,0,0,0,0,0,0,0,0,0,0,0,0,0,0,0,0,0,0,0
995,Mystic_Frozen,3000,0,0,0,0,0,0,0,0,0,0,0,0,0,0,0,0,0,0,0,0
996,Rough_Wind,3000,0,0,0,0,0,0,0,0,0,0,0,0,0,0,0,0,0,0,0,0
997,Great_Nature,3000,0,0,0,0,0,0,0,0,0,0,0,0,0,0,0,0,0,0,0,0
998,Iron,100,0,0,0,0,0,0,0,0,0,0,0,0,0,0,0,0,0,0,0,0
999,Steel,1000,0,0,0,0,0,0,0,0,0,0,0,0,0,0,0,0,0,0,0,0
1000,Star_Crumb,4500,0,0,0,0,0,0,0,0,0,0,0,0,0,0,0,0,0,0,0,0
1001,Star_Dust,1500,0,0,0,0,0,0,0,0,0,0,0,0,0,0,0,0,0,0,0,0
1002,Iron_Ore,50,0,0,0,0,0,0,0,0,0,0,0,0,0,0,0,0,0,0,0,0
1003,Coal,500,0,0,0,0,0,0,0,0,0,0,0,0,0,0,0,0,0,0,0,0
1004,Chivalry_Emblem,2,0,0,0,0,0,0,0,0,0,0,0,0,0,0,0,0,0,0,0,0
1005,Hammer_of_Blacksmith,2,0,0,0,0,0,0,0,0,0,0,0,0,0,0,0,0,0,0,0,0
1006,Old_Magicbook,2,0,0,0,0,0,0,0,0,0,0,0,0,0,0,0,0,0,0,0,0
1007,Necklace_of_Wisdom,2,0,0,0,0,0,0,0,0,0,0,0,0,0,0,0,0,0,0,0,0
1008,Necklace_of_Oblivion,2,0,0,0,0,0,0,0,0,0,0,0,0,0,0,0,0,0,0,0,0
1009,Hand_of_God,2,0,0,0,0,0,0,0,0,0,0,0,0,0,0,0,0,0,0,0,0
1010,Phracon,200,0,0,0,0,0,0,0,0,0,0,0,0,0,0,0,0,0,0,0,0
1011,Emveretarcon,1000,0,0,0,0,0,0,0,0,0,0,0,0,0,0,0,0,0,0,0,0
1012,Frill,250,0,0,0,0,0,0,0,0,0,0,0,0,0,0,0,0,0,0,0,0
1013,Rainbow_Shell,90,0,0,0,0,0,0,0,0,0,0,0,0,0,0,0,0,0,0,0,0
1014,Ant_Jaw,232,0,0,0,0,0,0,0,0,0,0,0,0,0,0,0,0,0,0,0,0
1015,Tongue,528,0,0,0,0,0,0,0,0,0,0,0,0,0,0,0,0,0,0,0,0
1016,Rat_Tail,52,0,0,0,0,0,0,0,0,0,0,0,0,0,0,0,0,0,0,0,0
1017,Mole_Whiskers,106,0,0,0,0,0,0,0,0,0,0,0,0,0,0,0,0,0,0,0,0
1018,Mole_Claw,210,0,0,0,0,0,0,0,0,0,0,0,0,0,0,0,0,0,0,0,0
1019,Trunk,60,0,0,0,0,0,0,0,0,0,0,0,0,0,0,0,0,0,0,0,0
1020,Black_Hair,292,0,0,0,0,0,0,0,0,0,0,0,0,0,0,0,0,0,0,0,0
1021,Dokkaebi_Horn,292,0,0,0,0,0,0,0,0,0,0,0,0,0,0,0,0,0,0,0,0
1022,Nine_Tails,650,0,0,0,0,0,0,0,0,0,0,0,0,0,0,0,0,0,0,0,0
1023,Fish_Tail,196,0,0,0,0,0,0,0,0,0,0,0,0,0,0,0,0,0,0,0,0
1024,Squid_Ink,264,0,0,0,0,0,0,0,0,0,0,0,0,0,0,0,0,0,0,0,0
1025,Cobweb,184,0,0,0,0,0,0,0,0,0,0,0,0,0,0,0,0,0,0,0,0
1026,Acorn,98,0,0,0,0,0,0,0,0,0,0,0,0,0,0,0,0,0,0,0,0
1027,Porcupine_Quill,158,0,0,0,0,0,0,0,0,0,0,0,0,0,0,0,0,0,0,0,0
1028,Mane,196,0,0,0,0,0,0,0,0,0,0,0,0,0,0,0,0,0,0,0,0
1029,Tiger_Skin,548,0,0,0,0,0,0,0,0,0,0,0,0,0,0,0,0,0,0,0,0
1030,Tigers_Footskin,1500,0,0,0,0,0,0,0,0,0,0,0,0,0,0,0,0,0,0,0,0
1031,Mantis_Scythe,196,0,0,0,0,0,0,0,0,0,0,0,0,0,0,0,0,0,0,0,0
1032,Maneater_Blossom,196,0,0,0,0,0,0,0,0,0,0,0,0,0,0,0,0,0,0,0,0
1033,Maneater_Root,208,0,0,0,0,0,0,0,0,0,0,0,0,0,0,0,0,0,0,0,0
1034,Blue_Hair,342,0,0,0,0,0,0,0,0,0,0,0,0,0,0,0,0,0,0,0,0
1035,Dragon_Canine,484,0,0,0,0,0,0,0,0,0,0,0,0,0,0,0,0,0,0,0,0
1036,Dragon_Scale,500,0,0,0,0,0,0,0,0,0,0,0,0,0,0,0,0,0,0,0,0
1037,Dragon_Tail,1200,0,0,0,0,0,0,0,0,0,0,0,0,0,0,0,0,0,0,0,0
1038,Little_Evil_Horn,528,0,0,0,0,0,0,0,0,0,0,0,0,0,0,0,0,0,0,0,0
1039,Little_Evil_Wing,2000,0,0,0,0,0,0,0,0,0,0,0,0,0,0,0,0,0,0,0,0
1040,Elder_Pixies_Moustache,232,0,0,0,0,0,0,0,0,0,0,0,0,0,0,0,0,0,0,0,0
1041,Lantern,250,0,0,0,0,0,0,0,0,0,0,0,0,0,0,0,0,0,0,0,0
1042,Bug_Leg,430,0,0,0,0,0,0,0,0,0,0,0,0,0,0,0,0,0,0,0,0
1043,Orc_Claw,168,0,0,0,0,0,0,0,0,0,0,0,0,0,0,0,0,0,0,0,0
1044,Zenorcs_Fang,264,0,0,0,0,0,0,0,0,0,0,0,0,0,0,0,0,0,0,0,0
1045,Cultish_Masque,412,0,0,0,0,0,0,0,0,0,0,0,0,0,0,0,0,0,0,0,0
1046,Scorpion_Nipper,614,0,0,0,0,0,0,0,0,0,0,0,0,0,0,0,0,0,0,0,0
1047,Dead_Medusa,548,0,0,0,0,0,0,0,0,0,0,0,0,0,0,0,0,0,0,0,0
1048,Horrendous_Hair,800,0,0,0,0,0,0,0,0,0,0,0,0,0,0,0,0,0,0,0,0
1049,Skirt_of_Virgin,1700,0,0,0,0,0,0,0,0,0,0,0,0,0,0,0,0,0,0,0,0
1050,Tendon,220,0,0,0,0,0,0,0,0,0,0,0,0,0,0,0,0,0,0,0,0
1051,Detonator,450,0,0,0,0,0,0,0,0,0,0,0,0,0,0,0,0,0,0,0,0
1052,Single_Cell,46,0,0,0,0,0,0,0,0,0,0,0,0,0,0,0,0,0,0,0,0
1053,Ancient_Tooth,548,0,0,0,0,0,0,0,0,0,0,0,0,0,0,0,0,0,0,0,0
1054,Ancient_Lips,1000,0,0,0,0,0,0,0,0,0,0,0,0,0,0,0,0,0,0,0,0
1055,Earthworm_Peeling,196,0,0,0,0,0,0,0,0,0,0,0,0,0,0,0,0,0,0,0,0
1056,Grit,306,0,0,0,0,0,0,0,0,0,0,0,0,0,0,0,0,0,0,0,0
1057,Moth_Dust,138,0,0,0,0,0,0,0,0,0,0,0,0,0,0,0,0,0,0,0,0
1058,Moth_Wings,200,0,0,0,0,0,0,0,0,0,0,0,0,0,0,0,0,0,0,0,0
1059,Fabric,306,0,0,0,0,0,0,0,0,0,0,0,0,0,0,0,0,0,0,0,0
1060,Golden_Hair,430,0,0,0,0,0,0,0,0,0,0,0,0,0,0,0,0,0,0,0,0
1061,Witched_Starsand,484,0,0,0,0,0,0,0,0,0,0,0,0,0,0,0,0,0,0,0,0
1062,Jack_o_Pumpkin,374,0,0,0,0,0,0,0,0,0,0,0,0,0,0,0,0,0,0,0,0
1063,Fang,680,0,0,0,0,0,0,0,0,0,0,0,0,0,0,0,0,0,0,0,0
1064,Reins,802,0,0,0,0,0,0,0,0,0,0,0,0,0,0,0,0,0,0,0,0
1065,Trap,100,0,0,0,0,0,0,0,0,0,0,0,0,0,0,0,0,0,0,0,0
1066,Fine-grained_Trunk,2,0,0,0,0,0,0,0,0,0,0,0,0,0,0,0,0,0,0,0,0
1067,Solid_Trunk,2,0,0,0,0,0,0,0,0,0,0,0,0,0,0,0,0,0,0,0,0
1068,Barren_Trunk,2,0,0,0,0,0,0,0,0,0,0,0,0,0,0,0,0,0,0,0,0
1069,Orange_Net_Mushroom,2,0,0,0,0,0,0,0,0,0,0,0,0,0,0,0,0,0,0,0,0
1070,Orange_Gooey_Mushroom,2,0,0,0,0,0,0,0,0,0,0,0,0,0,0,0,0,0,0,0,0
1071,Unknown_Testtube,0,0,0,0,0,0,0,0,0,0,0,0,0,0,0,0,0,0,0,0,0
1072,DEL_Message,0,0,0,0,0,0,0,0,0,0,0,0,0,0,0,0,0,0,0,0,0
1073,Voucher,0,0,0,0,0,0,0,0,0,0,0,0,0,0,0,0,0,0,0,0,0
1074,Voucher_,0,0,0,0,0,0,0,0,0,0,0,0,0,0,0,0,0,0,0,0,0
1075,Voucher__,0,0,0,0,0,0,0,0,0,0,0,0,0,0,0,0,0,0,0,0,0
1076,Voucher___,0,0,0,0,0,0,0,0,0,0,0,0,0,0,0,0,0,0,0,0,0
1077,Voucher____,0,0,0,0,0,0,0,0,0,0,0,0,0,0,0,0,0,0,0,0,0
1078,Voucher5,0,0,0,0,0,0,0,0,0,0,0,0,0,0,0,0,0,0,0,0,0
1079,Voucher6,0,0,0,0,0,0,0,0,0,0,0,0,0,0,0,0,0,0,0,0,0
1080,Voucher7,0,0,0,0,0,0,0,0,0,0,0,0,0,0,0,0,0,0,0,0,0
1081,DEL_Box,0,0,0,0,0,0,0,0,0,0,0,0,0,0,0,0,0,0,0,0,0
1082,DEL_Box_,0,0,0,0,0,0,0,0,0,0,0,0,0,0,0,0,0,0,0,0,0
1083,DEL_Box__,0,0,0,0,0,0,0,0,0,0,0,0,0,0,0,0,0,0,0,0,0
1084,Kafra_Pass,0,0,0,0,0,0,0,0,0,0,0,0,0,0,0,0,0,0,0,0,0
1085,Unknown_Testtube_,0,0,0,0,0,0,0,0,0,0,0,0,0,0,0,0,0,0,0,0,0
1086,Unknown_Testtube__,0,0,0,0,0,0,0,0,0,0,0,0,0,0,0,0,0,0,0,0,0
1087,Unknown_Testtube___,0,0,0,0,0,0,0,0,0,0,0,0,0,0,0,0,0,0,0,0,0
1088,Morroc_Solution,0,0,0,0,0,0,0,0,0,0,0,0,0,0,0,0,0,0,0,0,0
1089,Payon_Solution,0,0,0,0,0,0,0,0,0,0,0,0,0,0,0,0,0,0,0,0,0
1090,Unknown_Testtube,0,0,0,0,0,0,0,0,0,0,0,0,0,0,0,0,0,0,0,0,0
1091,DEL_Box___,0,0,0,0,0,0,0,0,0,0,0,0,0,0,0,0,0,0,0,0,0
1092,Empty_Testtube,3,0,0,0,0,0,0,0,0,0,0,0,0,0,0,0,0,0,0,0,0
1093,Empty_Potion_Bottle,10,0,0,0,0,0,0,0,0,0,0,0,0,0,0,0,0,0,0,0,0
1094,Short_Daenggie,278,0,0,0,0,0,0,0,0,0,0,0,0,0,0,0,0,0,0,0,0
1095,Needle_of_Alarm,546,0,0,0,0,0,0,0,0,0,0,0,0,0,0,0,0,0,0,0,0
1096,Round_Shell,780,0,0,0,0,0,0,0,0,0,0,0,0,0,0,0,0,0,0,0,0
1097,Worn_Out_Page,948,0,0,0,0,0,0,0,0,0,0,0,0,0,0,0,0,0,0,0,0
1098,Manacles,658,0,0,0,0,0,0,0,0,0,0,0,0,0,0,0,0,0,0,0,0
1099,Worn-out_Prison_Uniform,680,0,0,0,0,0,0,0,0,0,0,0,0,0,0,0,0,0,0,0,0
1101,Sword,100,25,0,0,0,3,0,0,0,0,0,0,2,0,0,0,0,0,0,0,0
1102,Sword_,100,25,0,0,0,4,0,0,0,0,0,0,2,0,0,0,0,0,0,0,0
1103,Sword__,100,25,0,0,0,0,0,0,0,0,0,0,2,0,0,0,0,0,0,0,0
1104,Falchion,1500,39,0,0,0,3,0,0,0,0,0,0,2,0,0,0,0,0,0,0,0
1105,Falchion_,1500,39,0,0,0,4,0,0,0,0,0,0,2,0,0,0,0,0,0,0,0
1106,Falchion__,1500,39,0,0,0,0,0,0,0,0,0,0,2,0,0,0,0,0,0,0,0
1107,Blade,2900,53,0,0,0,3,0,0,0,0,0,0,2,0,0,0,0,0,0,0,0
1108,Blade_,2900,53,0,0,0,4,0,0,0,0,0,0,2,0,0,0,0,0,0,0,0
1109,Blade__,2900,53,0,0,0,0,0,0,0,0,0,0,2,0,0,0,0,0,0,0,0
1110,Rapier,10000,70,0,0,0,2,0,0,0,0,0,0,14,0,0,0,0,0,0,0,0
1111,Rapier_,10000,70,0,0,0,3,0,0,0,0,0,0,14,0,0,0,0,0,0,0,0
1112,Rapier__,10000,70,0,0,0,0,0,0,0,0,0,0,14,0,0,0,0,0,0,0,0
1113,Scimiter,17000,85,0,0,0,2,0,0,0,0,0,0,14,0,0,0,0,0,0,0,0
1114,Scimiter_,17000,85,0,0,0,3,0,0,0,0,0,0,14,0,0,0,0,0,0,0,0
1115,Scimiter__,17000,85,0,0,0,3,0,0,0,0,0,0,14,0,0,0,0,0,0,0,0
1116,Katana,2000,60,0,0,0,3,0,0,0,0,0,0,4,0,0,0,0,0,0,0,0
1117,Katana_,2000,60,0,0,0,4,0,0,0,0,0,0,4,0,0,0,0,0,0,0,0
1118,Katana__,2000,60,0,0,0,0,0,0,0,0,0,0,4,0,0,0,0,0,0,0,0
1119,Tsurugi,51000,130,0,0,0,1,0,0,0,0,0,0,27,0,0,0,0,0,0,0,0
1120,Tsurugi_,51000,130,0,0,0,2,0,0,0,0,0,0,27,0,0,0,0,0,0,0,0
1121,Tsurugi__,51000,130,0,0,0,0,0,0,0,0,0,0,27,0,0,0,0,0,0,0,0
1122,Ring_Pommel_Saber,24000,100,0,0,0,2,0,0,0,0,0,0,14,0,0,0,0,0,0,0,0
1123,Haedonggum,50000,120,0,0,0,1,0,0,0,3,0,0,27,0,0,0,0,0,0,0,0
1124,Orcish_Sword,20,90,0,0,0,0,0,0,0,0,0,0,5,0,0,0,0,0,0,0,0
1125,Ring_Pommel_Saber_,24000,100,0,0,0,3,0,0,0,0,0,0,14,0,0,0,0,0,0,0,0
1126,Saber,49000,115,0,0,0,2,0,0,0,0,0,0,27,0,0,0,0,0,0,0,0
1127,Saber_,49000,115,0,0,0,3,0,0,0,0,0,0,27,0,0,0,0,0,0,0,0
1128,Haedonggum,50000,120,0,0,0,2,0,0,0,3,0,0,27,0,0,0,0,0,0,0,0
1129,Flamberge,60000,150,0,0,0,0,0,0,0,0,0,0,27,0,0,0,0,0,0,0,0
1130,Nagan,20,120,0,0,0,0,0,0,0,0,0,0,40,0,0,0,0,0,0,0,0
1131,Ice_Falchion,20,100,0,0,0,0,0,0,0,0,0,0,40,0,0,0,0,0,0,0,0
1132,Edge,20,115,0,0,0,0,0,0,0,0,0,0,40,0,0,0,0,0,0,0,0
1133,Fireblend,20,100,0,0,0,0,0,0,0,0,0,0,40,0,0,0,0,0,0,0,0
1134,Caesars_Sword,20,140,0,0,0,0,0,0,0,0,0,0,40,0,0,0,0,0,0,0,0
1135,Cutlus,20,150,0,0,0,0,0,0,0,0,0,0,40,0,0,0,0,0,0,0,0
1136,Solar_Sword,20,70,0,0,0,0,0,0,0,0,0,0,40,0,0,0,0,0,0,0,0
1137,Excalibur,20,150,0,0,0,0,0,0,0,5,0,0,40,0,0,0,0,0,0,0,0
1138,Mysteltainn,20,160,0,0,0,0,0,0,0,0,0,0,40,0,0,0,0,0,0,0,0
1139,Tirfing,20,185,0,0,0,0,0,0,0,0,0,0,40,0,0,0,0,0,0,0,0
1140,Byeollungum,20,150,0,0,0,0,0,0,0,0,0,0,40,0,0,0,0,0,0,0,0
1141,Immaterial_Sword,20,140,0,0,0,0,0,0,0,0,0,0,40,0,0,0,0,0,0,0,0
1142,Jeweled_Sword,20,104,0,0,0,0,0,0,0,0,0,0,68,0,0,0,0,0,0,0,0
1143,Gaia_Sword,20,115,0,0,0,0,0,0,0,0,0,0,74,0,0,0,0,0,0,0,0
1144,Sashimi,20,75,0,0,0,0,0,0,0,0,0,0,48,0,0,0,0,0,0,0,0
1145,Holy_Avenger,450000,125,0,0,0,0,0,0,0,2,0,0,75,0,0,0,0,0,0,0,0
1151,Slayer,15000,90,0,0,0,2,0,0,0,0,0,0,18,0,0,0,0,0,0,0,0
1152,Slayer_,15000,90,0,0,0,3,0,0,0,0,0,0,18,0,0,0,0,0,0,0,0
1153,Slayer__,15000,90,0,0,0,0,0,0,0,0,0,0,18,0,0,0,0,0,0,0,0
1154,Bastard_Sword,22500,115,0,0,0,2,0,0,0,0,0,0,18,0,0,0,0,0,0,0,0
1155,Bastard_Sword_,22500,115,0,0,0,3,0,0,0,0,0,0,18,0,0,0,0,0,0,0,0
1156,Bastard_Sword__,22500,115,0,0,0,0,0,0,0,0,0,0,18,0,0,0,0,0,0,0,0
1157,Two-handed_Sword,60000,160,0,0,0,1,0,0,0,0,0,0,33,0,0,0,0,0,0,0,0
1158,Two-handed_Sword_,60000,160,0,0,0,2,0,0,0,0,0,0,33,0,0,0,0,0,0,0,0
1159,Two-handed_Sword__,60000,160,0,0,0,0,0,0,0,0,0,0,33,0,0,0,0,0,0,0,0
1160,Broad_Sword,65000,140,0,5,0,1,0,0,0,0,0,0,33,0,0,0,0,0,0,0,0
1161,Balmung,20,300,0,0,0,0,0,0,0,0,0,0,48,0,0,0,0,0,0,0,0
1162,Broad_Sword_,65000,140,0,5,0,2,0,0,0,0,0,0,33,0,0,0,0,0,0,0,0
1163,Claymore,74000,180,0,0,0,0,0,0,0,0,0,0,33,0,0,0,0,0,0,0,0
1164,Muramasa,20,170,0,0,0,0,0,0,0,0,0,0,48,0,0,0,0,0,0,0,0
1165,Masamune,20,200,0,0,0,0,0,0,0,0,0,0,48,0,0,0,0,0,0,0,0
1166,Dragon_Slayer,20,150,0,0,0,0,0,0,0,0,0,0,48,0,0,0,0,0,0,0,0
1167,Schweizersabel,20,160,0,0,0,0,0,0,0,0,0,0,48,0,0,0,0,0,0,0,0
1168,Zweihander,20,190,0,0,0,0,0,0,0,0,0,0,48,0,0,0,0,0,0,0,0
1169,Executioner,20,155,0,0,0,0,0,0,0,0,0,0,48,0,0,0,0,0,0,0,0
1170,Katzbalger,20,175,0,10,0,0,0,0,5,0,0,0,48,0,0,0,0,0,0,0,0
1201,Knife,50,17,0,0,0,3,0,0,0,0,0,0,1,0,0,0,0,0,0,0,0
1202,Knife_,50,17,0,0,0,4,0,0,0,0,0,0,1,0,0,0,0,0,0,0,0
1203,Knife_,50,17,0,0,0,0,0,0,0,0,0,0,1,0,0,0,0,0,0,0,0
1204,Cutter,1250,30,0,0,0,3,0,0,0,0,0,0,1,0,0,0,0,0,0,0,0
1205,Cutter_,1250,30,0,0,0,4,0,0,0,0,0,0,1,0,0,0,0,0,0,0,0
1206,Cutter__,1250,30,0,0,0,0,0,0,0,0,0,0,1,0,0,0,0,0,0,0,0
1207,Main_Gauche,2400,43,0,0,0,3,0,0,0,0,0,0,1,0,0,0,0,0,0,0,0
1208,Main_Gauche_,2400,43,0,0,0,4,0,0,0,0,0,0,1,0,0,0,0,0,0,0,0
1209,Main_Gauche__,2400,43,0,0,0,0,0,0,0,0,0,0,1,0,0,0,0,0,0,0,0
1210,Dirk,8500,59,0,0,0,2,0,0,0,0,0,0,12,0,0,0,0,0,0,0,0
1211,Dirk_,8500,59,0,0,0,3,0,0,0,0,0,0,12,0,0,0,0,0,0,0,0
1212,Dirk__,8500,59,0,0,0,0,0,0,0,0,0,0,12,0,0,0,0,0,0,0,0
1213,Dagger,14000,73,0,0,0,2,0,0,0,0,0,0,12,0,0,0,0,0,0,0,0
1214,Dagger_,14000,73,0,0,0,3,0,0,0,0,0,0,12,0,0,0,0,0,0,0,0
1215,Dagger__,14000,73,0,0,0,0,0,0,0,0,0,0,12,0,0,0,0,0,0,0,0
1216,Stiletto,19500,87,0,0,0,2,0,0,0,0,0,0,12,0,0,0,0,0,0,0,0
1217,Stiletto_,19500,87,0,0,0,3,0,0,0,0,0,0,12,0,0,0,0,0,0,0,0
1218,Stiletto__,19500,87,0,0,0,0,0,0,0,0,0,0,12,0,0,0,0,0,0,0,0
1219,Gladius,43000,105,0,0,0,2,0,0,0,0,0,0,24,0,0,0,0,0,0,0,0
1220,Gladius_,43000,105,0,0,0,3,0,0,0,0,0,0,24,0,0,0,0,0,0,0,0
1221,Gladius__,43000,105,0,0,0,0,0,0,0,0,0,0,24,0,0,0,0,0,0,0,0
1222,Damascus,49000,118,0,0,0,1,0,0,0,0,0,0,24,0,0,0,0,0,0,0,0
1223,Fortune_Sword,20,90,0,0,0,0,0,0,0,0,0,5,24,0,0,0,0,0,0,0,0
1224,Swordbreaker,20,40,0,0,0,0,0,0,0,0,0,0,36,0,0,0,0,0,0,0,0
1225,Mailbreaker,20,40,0,0,0,0,0,0,0,0,0,0,36,0,0,0,0,0,0,0,0
1226,Damascus_,49000,118,0,0,0,2,0,0,0,0,0,0,24,0,0,0,0,0,0,0,0
1227,Weeder_Knife,20,80,0,0,0,0,0,0,0,0,0,0,36,0,0,0,0,0,0,0,0
1228,Combat_Knife,20,80,0,0,0,0,0,0,0,0,0,0,36,0,0,0,0,0,0,0,0
1229,Mamas_Knife,20,75,0,0,0,0,0,0,0,0,0,0,36,0,0,0,0,0,0,0,0
1230,House_Auger,20,80,0,0,0,0,0,0,0,0,0,0,36,0,0,0,0,0,0,0,0
1231,Bazerald,20,70,0,0,0,0,0,0,0,0,0,0,36,0,0,0,0,0,0,0,0
1232,Assassin_Dagger,20,125,0,0,0,0,0,0,0,0,0,0,36,0,0,0,0,0,0,0,0
1233,Excorcise,20,90,0,0,0,0,0,0,0,0,0,0,36,0,0,0,0,0,0,0,0
1234,Moonlight_Sword,20,50,0,0,0,0,0,0,0,0,0,0,36,0,0,0,0,0,0,0,0
1235,Azoth,20,110,0,0,0,0,0,0,0,0,0,0,36,0,0,0,0,0,0,0,0
1236,Sucsamad,20,140,0,0,0,0,0,0,0,0,0,0,36,0,0,0,0,0,0,0,0
1237,Grimtooth,20,150,0,0,0,0,0,0,0,0,0,0,36,0,0,0,0,0,0,0,0
1238,Zenny_Knife,20,64,0,0,0,0,0,0,0,0,0,0,40,0,0,0,0,0,0,0,0
1239,Poison_Knife,20,64,0,0,0,0,0,0,0,0,0,0,65,0,0,0,0,0,0,0,0
1240,Princess_Knife,20,84,0,0,0,0,1,1,1,1,1,1,1,0,0,0,0,0,0,0,0
1241,Cursed_Knife,80000,55,0,0,0,0,0,0,0,0,0,0,85,0,0,0,0,0,0,0,0
1242,Counter_Knife,120000,75,0,0,0,0,0,0,0,0,0,0,55,0,0,0,0,0,0,0,0
1250,Jur,19500,125,0,0,0,2,0,0,0,0,0,0,18,0,0,0,0,0,0,0,0
1251,Jur_,19500,125,0,0,0,3,0,0,0,0,0,0,18,0,0,0,0,0,0,0,0
1252,Katar,41000,148,0,0,0,1,0,0,0,0,1,0,33,0,0,0,0,0,0,0,0
1253,Katar_,41000,148,0,0,0,2,0,0,0,0,1,0,33,0,0,0,0,0,0,0,0
1254,Jamadhar,37200,165,0,0,0,0,0,0,0,0,0,0,33,0,0,0,0,0,0,0,0
1255,Jamadhar_,37200,165,0,0,0,1,0,0,0,0,0,0,33,0,0,0,0,0,0,0,0
1256,Katar_of_Frozen_Icicle,45000,105,0,0,0,0,0,0,0,0,0,0,55,0,0,0,0,0,0,0,0
1257,Katar_of_Dusty_Thornbush,45000,105,0,0,0,0,0,0,0,0,0,0,55,0,0,0,0,0,0,0,0
1258,Katar_of_Raging_Blaze,45000,105,0,0,0,0,0,0,0,0,0,0,55,0,0,0,0,0,0,0,0
1259,Katar_of_Piercing_Wind,45000,105,0,0,0,0,0,0,0,0,0,0,55,0,0,0,0,0,0,0,0
1260,Katar_of_Ghoul_Legbone,52500,150,0,0,0,0,0,0,0,0,0,0,65,0,0,0,0,0,0,0,0
1261,Infiltrator,57000,100,0,0,0,0,0,0,0,0,0,0,75,0,0,0,0,0,0,0,0
1301,Axe,500,38,0,0,0,3,0,0,0,0,0,0,3,0,0,0,0,0,0,0,0
1302,Axe_,500,38,0,0,0,4,0,0,0,0,0,0,3,0,0,0,0,0,0,0,0
1303,Axe__,500,38,0,0,0,0,0,0,0,0,0,0,3,0,0,0,0,0,0,0,0
1304,Orcish_Axe,20,75,0,0,0,0,0,0,0,0,0,0,3,0,0,0,0,0,0,0,0
1305,Cleaver,20,140,0,0,0,0,0,0,0,0,0,0,44,0,0,0,0,0,0,0,0
1306,War_Axe,20,145,0,0,0,1,0,0,0,0,2,2,76,0,0,0,0,0,0,0,0
1351,Battle_Axe,5400,80,0,0,0,3,0,0,0,0,0,0,3,0,0,0,0,0,0,0,0
1352,Battle_Axe_,5400,80,0,0,0,4,0,0,0,0,0,0,3,0,0,0,0,0,0,0,0
1353,Battle_Axe__,5400,80,0,0,0,0,0,0,0,0,0,0,3,0,0,0,0,0,0,0,0
1354,Hammer,15500,120,0,0,0,2,0,0,0,0,0,0,16,0,0,0,0,0,0,0,0
1355,Hammer_,15500,120,0,0,0,3,0,0,0,0,0,0,16,0,0,0,0,0,0,0,0
1356,Hammer__,15500,120,0,0,0,0,0,0,0,0,0,0,16,0,0,0,0,0,0,0,0
1357,Buster,34000,155,0,0,0,1,0,0,0,0,0,0,30,0,0,0,0,0,0,0,0
1358,Buster_,34000,155,0,0,0,2,0,0,0,0,0,0,30,0,0,0,0,0,0,0,0
1359,Buster__,34000,155,0,0,0,0,0,0,0,0,0,0,30,0,0,0,0,0,0,0,0
1360,Two-handed_Axe,55000,185,0,0,0,1,0,0,0,0,0,0,30,0,0,0,0,0,0,0,0
1361,Two-handed_Axe_,55000,185,0,0,0,2,0,0,0,0,0,0,30,0,0,0,0,0,0,0,0
1362,Two-handed_Axe__,55000,185,0,0,0,0,0,0,0,0,0,0,30,0,0,0,0,0,0,0,0
1363,Bloody_Axe,20,160,0,0,0,0,10,0,0,0,0,0,44,0,0,0,0,0,0,0,0
1364,Great_Axe,20,185,0,0,0,0,0,0,0,0,0,0,44,0,0,0,0,0,0,0,0
1365,Sabbath,20,120,0,0,0,0,0,0,0,0,0,0,44,0,0,0,0,0,0,0,0
1366,Light_Epsilon,20,180,0,0,0,0,0,0,0,0,0,0,44,0,0,0,0,0,0,0,0
1367,Slaughter,20,120,0,0,0,0,0,0,0,0,0,0,44,0,0,0,0,0,0,0,0
1368,Tomahawk,20,165,0,0,0,0,0,0,0,0,0,0,44,0,0,0,0,0,0,0,0
1369,Guillotine,20,215,0,0,0,0,0,0,0,0,0,0,44,0,0,0,0,0,0,0,0
1401,Javelin,150,28,0,0,0,3,0,0,0,0,0,0,4,0,0,0,0,0,0,0,0
1402,Javelin_,150,28,0,0,0,4,0,0,0,0,0,0,4,0,0,0,0,0,0,0,0
1403,Javelin__,150,28,0,0,0,0,0,0,0,0,0,0,4,0,0,0,0,0,0,0,0
1404,Spear,1700,44,0,0,0,3,0,0,0,0,0,0,4,0,0,0,0,0,0,0,0
1405,Spear_,1700,44,0,0,0,4,0,0,0,0,0,0,4,0,0,0,0,0,0,0,0
1406,Spear__,1700,44,0,0,0,0,0,0,0,0,0,0,4,0,0,0,0,0,0,0,0
1407,Pike,3450,60,0,0,0,3,0,0,0,0,0,0,4,0,0,0,0,0,0,0,0
1408,Pike_,3450,60,0,0,0,4,0,0,0,0,0,0,4,0,0,0,0,0,0,0,0
1409,Pike__,3450,60,0,0,0,0,0,0,0,0,0,0,4,0,0,0,0,0,0,0,0
1410,Lance,60000,185,0,0,0,0,0,0,0,0,0,0,33,0,0,0,0,0,0,0,0
1411,Lance_,60000,185,0,0,0,0,0,0,0,0,0,0,33,0,0,0,0,0,0,0,0
1412,Lance__,60000,185,0,0,0,0,0,0,0,0,0,0,33,0,0,0,0,0,0,0,0
1413,Gungnir,20,95,0,0,0,0,0,0,0,0,0,0,4,0,0,0,0,0,0,0,0
1415,Brocca,20,85,0,0,0,0,0,0,0,0,0,0,48,0,0,0,0,0,0,0,0
1416,Tjungkuletti,20,100,0,0,0,0,0,0,0,0,0,0,48,0,0,0,0,0,0,0,0
1417,Poll_Axe,20,160,0,0,0,1,1,0,0,2,1,0,71,0,0,0,0,0,0,0,0
1451,Guisarme,13000,84,0,0,0,2,0,0,0,0,0,0,18,0,0,0,0,0,0,0,0
1452,Guisarme_,13000,84,0,0,0,3,0,0,0,0,0,0,18,0,0,0,0,0,0,0,0
1453,Guisarme_,13000,84,0,0,0,0,0,0,0,0,0,0,18,0,0,0,0,0,0,0,0
1454,Glaive,20000,104,0,0,0,2,0,0,0,0,0,0,18,0,0,0,0,0,0,0,0
1455,Glaive_,20000,104,0,0,0,3,0,0,0,0,0,0,18,0,0,0,0,0,0,0,0
1456,Glaive__,20000,104,0,0,0,0,0,0,0,0,0,0,18,0,0,0,0,0,0,0,0
1457,Partizan,27000,124,0,0,0,1,0,0,0,0,0,0,18,0,0,0,0,0,0,0,0
1458,Partizan_,27000,124,0,0,0,2,0,0,0,0,0,0,18,0,0,0,0,0,0,0,0
1459,Partizan__,27000,124,0,0,0,0,0,0,0,0,0,0,33,0,0,0,0,0,0,0,0
1460,Trident,51000,150,0,0,0,2,0,0,0,0,0,0,33,0,0,0,0,0,0,0,0
1461,Trident_,51000,150,0,0,0,3,0,0,0,0,0,0,33,0,0,0,0,0,0,0,0
1462,Trident__,51000,150,0,0,0,0,0,0,0,0,0,0,33,0,0,0,0,0,0,0,0
1463,Hallberd,54000,165,0,0,0,1,0,0,0,0,0,0,33,0,0,0,0,0,0,0,0
1464,Hallberd_,54000,165,0,0,0,2,0,0,0,0,0,0,33,0,0,0,0,0,0,0,0
1465,Hallberd__,54000,165,0,0,0,0,0,0,0,0,0,0,33,0,0,0,0,0,0,0,0
1466,Cresent_Scythe,20,150,0,0,0,0,0,0,0,0,0,0,48,0,0,0,0,0,0,0,0
1467,Bill_Guisarme,20,180,0,0,0,0,0,0,0,0,0,0,48,0,0,0,0,0,0,0,0
1472,Staff_of_Soul,20,25,0,0,0,0,0,0,0,0,0,0,73,0,0,0,0,0,0,0,0
1473,Wizardry_Staff,20,120,0,0,0,0,0,0,0,0,2,0,90,0,0,0,0,0,0,0,0
1501,Club,120,23,0,0,0,3,0,0,0,0,0,0,2,0,0,0,0,0,0,0,0
1502,Club_,120,23,0,0,0,4,0,0,0,0,0,0,2,0,0,0,0,0,0,0,0
1503,Club__,120,23,0,0,0,0,0,0,0,0,0,0,2,0,0,0,0,0,0,0,0
1504,Mace,1600,37,0,0,0,3,0,0,0,0,0,0,2,0,0,0,0,0,0,0,0
1505,Mace_,1600,37,0,0,0,4,0,0,0,0,0,0,2,0,0,0,0,0,0,0,0
1506,Mace__,1600,37,0,0,0,0,0,0,0,0,0,0,2,0,0,0,0,0,0,0,0
1507,Smasher,9000,54,0,0,0,2,0,0,0,0,0,0,14,0,0,0,0,0,0,0,0
1508,Smasher_,9000,54,0,0,0,3,0,0,0,0,0,0,14,0,0,0,0,0,0,0,0
1509,Smasher__,9000,54,0,0,0,3,0,0,0,0,0,0,14,0,0,0,0,0,0,0,0
1510,Flail,16000,69,0,0,0,2,0,0,0,0,0,0,14,0,0,0,0,0,0,0,0
1511,Flail_,16000,69,0,0,0,3,0,0,0,0,0,0,14,0,0,0,0,0,0,0,0
1512,Flail__,16000,69,0,0,0,3,0,0,0,0,0,0,14,0,0,0,0,0,0,0,0
1513,Morning_Star,41000,110,0,0,0,1,0,0,0,0,0,0,27,0,0,0,0,0,0,0,0
1514,Morning_Star_,41000,110,0,0,0,2,0,0,0,0,0,0,27,0,0,0,0,0,0,0,0
1515,Morning_Star__,41000,110,0,0,0,2,0,0,0,0,0,0,27,0,0,0,0,0,0,0,0
1516,Sword_Mace,50000,130,0,0,0,0,0,0,0,0,0,0,27,0,0,0,0,0,0,0,0
1517,Sword_Mace_,50000,130,0,0,0,1,0,0,0,0,0,0,27,0,0,0,0,0,0,0,0
1518,Sword_Mace__,50000,130,0,0,0,1,0,0,0,0,0,0,27,0,0,0,0,0,0,0,0
1519,Chain,23000,84,0,0,0,2,0,0,0,0,0,0,14,0,0,0,0,0,0,0,0
1520,Chain_,23000,84,0,0,0,3,0,0,0,0,0,0,14,0,0,0,0,0,0,0,0
1521,Chain__,23000,84,0,0,0,3,0,0,0,0,0,0,14,0,0,0,0,0,0,0,0
1522,Stunner,60000,140,0,0,0,0,0,0,0,0,0,0,27,0,0,0,0,0,0,0,0
1523,Spike,20,70,0,0,0,0,0,0,0,0,0,0,40,0,0,0,0,0,0,0,0
1524,Golden_Mace,20,130,0,0,0,0,0,0,0,0,0,0,40,0,0,0,0,0,0,0,0
1525,Long_Mace,20,135,0,0,0,0,0,0,0,0,0,0,40,0,0,0,0,0,0,0,0
1526,Slash,20,145,0,0,0,0,0,0,0,0,0,0,40,0,0,0,0,0,0,0,0
1527,Quadrille,20,165,0,0,0,0,0,0,0,0,0,0,40,0,0,0,0,0,0,0,0
1529,Iron_Driver,20,155,0,0,0,0,0,0,0,0,0,0,78,0,0,0,0,0,0,0,0
1531,Wrench,20,115,0,0,0,0,0,0,0,0,0,0,55,0,0,0,0,0,0,0,0
1550,Book,30000,85,0,0,0,3,0,0,0,0,0,0,14,0,0,0,0,0,0,0,0
1551,Bible,60000,115,0,0,0,2,0,0,0,2,0,0,27,0,0,0,0,0,0,0,0
1552,Tablet,51000,125,0,0,0,1,0,0,0,0,0,0,27,0,0,0,0,0,0,0,0
1553,Book_of_Billows,35000,90,0,0,0,0,0,0,0,0,0,0,27,0,0,0,0,0,0,0,0
1554,Book_of_Mother_Earth,35000,90,0,0,0,0,0,0,0,0,0,0,27,0,0,0,0,0,0,0,0
1555,Book_of_Blazing_Sun,35000,90,0,0,0,0,0,0,0,0,0,0,27,0,0,0,0,0,0,0,0
1556,Book_of_Gust_of_Wind,35000,90,0,0,0,0,0,0,0,0,0,0,27,0,0,0,0,0,0,0,0
1557,Book_of_the_Apocalypse,60000,90,0,0,0,0,0,0,0,0,0,0,40,0,0,0,0,0,0,0,0
1558,Girls_Diary,1500,45,0,0,0,1,0,0,0,0,0,0,40,0,0,0,0,0,0,0,0
1599,Angra_Mainyu,1,1200,0,0,0,0,50,50,50,50,50,50,1,0,0,0,0,0,0,0,0
1601,Rod,50,15,0,0,0,3,0,0,0,0,0,0,1,0,0,0,0,0,0,0,0
1602,Rod_,50,15,0,0,0,4,0,0,0,0,0,0,1,0,0,0,0,0,0,0,0
1603,Rod__,50,15,0,0,0,0,0,0,0,0,0,0,1,0,0,0,0,0,0,0,0
1604,Wand,2500,25,0,0,0,2,0,0,0,1,0,0,12,0,0,0,0,0,0,0,0
1605,Wand_,2500,25,0,0,0,3,0,0,0,1,0,0,12,0,0,0,0,0,0,0,0
1606,Wand__,2500,25,0,0,0,0,0,0,0,1,0,0,12,0,0,0,0,0,0,0,0
1607,Staff,9500,40,0,0,0,2,0,0,0,2,0,0,12,0,0,0,0,0,0,0,0
1608,Staff_,9500,40,0,0,0,3,0,0,0,2,0,0,12,0,0,0,0,0,0,0,0
1609,Staff__,9500,40,0,0,0,0,0,0,0,2,0,0,12,0,0,0,0,0,0,0,0
1610,Arc_Wand,45000,60,0,0,0,1,0,0,0,3,0,0,24,0,0,0,0,0,0,0,0
1611,Arc_Wand_,45000,60,0,0,0,2,0,0,0,3,0,0,24,0,0,0,0,0,0,0,0
1612,Arc_Wand__,45000,60,0,0,0,0,0,0,0,3,0,0,24,0,0,0,0,0,0,0,0
1613,Mighty_Staff,20,130,0,0,0,0,10,0,0,0,0,0,24,0,0,0,0,0,0,0,0
1614,Wand_of_Occult,20,75,0,0,0,0,0,0,0,3,0,0,24,0,0,0,0,0,0,0,0
1615,Bone_Wand,20,40,0,0,0,0,0,0,0,4,0,0,24,0,0,0,0,0,0,0,0
1701,Bow,1000,15,0,0,0,3,0,0,0,0,0,0,4,0,0,0,0,0,0,0,0
1702,Bow_,1000,15,0,0,0,4,0,0,0,0,0,0,4,0,0,0,0,0,0,0,0
1703,Bow__,1000,15,0,0,0,0,0,0,0,0,0,0,4,0,0,0,0,0,0,0,0
1704,Composite_Bow,2500,29,0,0,0,3,0,0,0,0,0,0,4,0,0,0,0,0,0,0,0
1705,Composite_Bow_,2500,29,0,0,0,4,0,0,0,0,0,0,4,0,0,0,0,0,0,0,0
1706,Composite_Bow__,2500,29,0,0,0,0,0,0,0,0,0,0,4,0,0,0,0,0,0,0,0
1707,Great_Bow,10000,50,0,0,0,2,0,0,0,0,0,0,18,0,0,0,0,0,0,0,0
1708,Great_Bow_,10000,50,0,0,0,3,0,0,0,0,0,0,18,0,0,0,0,0,0,0,0
1709,Great_Bow__,10000,50,0,0,0,0,0,0,0,0,0,0,18,0,0,0,0,0,0,0,0
1710,Cross_Bow,17000,65,0,0,0,2,0,0,0,0,0,0,18,0,0,0,0,0,0,0,0
1711,Cross_Bow_,17000,65,0,0,0,3,0,0,0,0,0,0,18,0,0,0,0,0,0,0,0
1712,Cross_Bow__,17000,65,0,0,0,0,0,0,0,0,0,0,18,0,0,0,0,0,0,0,0
1713,Arbalest,48000,90,0,0,0,1,0,0,0,0,2,0,33,0,0,0,0,0,0,0,0
1714,Kakkung,42000,100,0,0,0,1,0,0,0,0,0,0,33,0,0,0,0,0,0,0,0
1715,Arbalest_,48000,90,0,0,0,2,0,0,0,0,2,0,33,0,0,0,0,0,0,0,0
1716,Kakkung_,42000,100,0,0,0,2,0,0,0,0,0,0,33,0,0,0,0,0,0,0,0
1718,Hunters_Bow,64000,125,0,0,0,0,0,0,0,0,0,0,33,0,0,0,0,0,0,0,0
1719,Roguemaster_Bow,20,75,0,0,0,0,0,0,0,0,0,0,48,0,0,0,0,0,0,0,0
1750,Arrow,1,25,0,0,0,0,0,0,0,0,0,0,0,0,0,0,0,0,0,0,0
1751,Silver_Arrow,3,30,0,0,0,0,0,0,0,0,0,0,0,0,0,0,0,0,0,0,0
1752,Fire_Arrow,3,30,0,0,0,0,0,0,0,0,0,0,0,0,0,0,0,0,0,0,0
1753,Steel_Arrow,4,40,0,0,0,0,0,0,0,0,0,0,0,0,0,0,0,0,0,0,0
1754,Crystal_Arrow,3,30,0,0,0,0,0,0,0,0,0,0,0,0,0,0,0,0,0,0,0
1755,Wind_Arrow,3,30,0,0,0,0,0,0,0,0,0,0,0,0,0,0,0,0,0,0,0
1756,Stone_Arrow,3,30,0,0,0,0,0,0,0,0,0,0,0,0,0,0,0,0,0,0,0
1757,Immaterial_Arrow,3,30,0,0,0,0,0,0,0,0,0,0,0,0,0,0,0,0,0,0,0
1758,Stun_Arrow,10,1,0,0,0,0,0,0,0,0,0,0,0,0,0,0,0,0,0,0,0
1759,Freeze_Arrow,10,1,0,0,0,0,0,0,0,0,0,0,0,0,0,0,0,0,0,0,0
1760,Flash_Arrow,10,1,0,0,0,0,0,0,0,0,0,0,0,0,0,0,0,0,0,0,0
1761,Curse_Arrow,10,1,0,0,0,0,0,0,0,0,0,0,0,0,0,0,0,0,0,0,0
1762,Rusty_Arrow,3,30,0,0,0,0,0,0,0,0,0,0,0,0,0,0,0,0,0,0,0
1763,Poison_Arrow,10,1,0,0,0,0,0,0,0,0,0,0,0,0,0,0,0,0,0,0,0
1764,Sharp_Arrow,20,10,0,0,0,0,0,0,0,0,0,0,0,0,0,0,0,0,0,0,0
1765,Orideon_Arrow,20,50,0,0,0,0,0,0,0,0,0,0,0,0,0,0,0,0,0,0,0
1766,Arrow_of_Counter_Evil,40,50,0,0,0,0,0,0,0,0,0,0,1,0,0,0,0,0,0,0,0
1767,Arrow_of_Shadow,3,30,0,0,0,0,0,0,0,0,0,0,0,0,0,0,0,0,0,0,0
1768,Sleep_Arrow,10,1,0,0,0,0,0,0,0,0,0,0,0,0,0,0,0,0,0,0,0
1769,Mute_Arrow,10,1,0,0,0,0,0,0,0,0,0,0,0,0,0,0,0,0,0,0,0
1770,Iron_Arrow,2,30,0,0,0,0,0,0,0,0,0,0,0,0,0,0,0,0,0,0,0
1801,Waghnak,8000,30,0,0,0,3,0,0,0,0,0,0,1,0,0,0,0,0,0,0,0
1802,Waghnak_,8000,30,0,0,0,4,0,0,0,0,0,0,1,0,0,0,0,0,0,0,0
1803,Knuckle_Duster,25000,50,0,0,0,2,0,0,0,0,0,0,12,0,0,0,0,0,0,0,0
1804,Knuckle_Duster_,25000,50,0,0,0,3,0,0,0,0,0,0,12,0,0,0,0,0,0,0,0
1805,Hora,32000,65,0,0,0,2,0,0,0,0,0,0,12,0,0,0,0,0,0,0,0
1806,Hora_,32000,65,0,0,0,3,0,0,0,0,0,0,12,0,0,0,0,0,0,0,0
1807,Fist,53000,115,0,0,0,0,0,0,0,0,0,0,24,0,0,0,0,0,0,0,0
1808,Fist_,53000,115,0,0,0,1,0,0,0,0,0,0,24,0,0,0,0,0,0,0,0
1809,Claw,67000,86,0,0,0,1,2,0,0,0,0,0,24,0,0,0,0,0,0,0,0
1810,Claw_,67000,86,0,0,0,2,2,0,0,0,0,0,24,0,0,0,0,0,0,0,0
1811,Finger,58000,97,0,0,0,1,0,0,0,0,0,0,24,0,0,0,0,0,0,0,0
1812,Finger_,58000,97,0,0,0,2,0,0,0,0,0,0,24,0,0,0,0,0,0,0,0
1814,Berserk,20,100,0,0,0,0,0,0,0,0,0,0,36,0,0,0,0,0,0,0,0
1901,Violin,4000,50,0,0,0,3,0,0,0,0,0,0,2,0,0,0,0,0,0,0,0
1902,Violin_,4000,50,0,0,0,4,0,0,0,0,0,0,2,0,0,0,0,0,0,0,0
1903,Mandolin,18000,90,0,0,0,2,0,0,0,0,0,0,14,0,0,0,0,0,0,0,0
1904,Mandolin_,18000,90,0,0,0,3,0,0,0,0,0,0,14,0,0,0,0,0,0,0,0
1905,Lute,24500,105,0,0,0,2,0,0,0,0,0,0,14,0,0,0,0,0,0,0,0
1906,Lute_,24500,105,0,0,0,3,0,0,0,0,0,0,14,0,0,0,0,0,0,0,0
1907,Guitar,47000,142,0,0,0,0,0,0,0,0,0,0,27,0,0,0,0,0,0,0,0
1908,Guitar_,47000,142,0,0,0,1,0,0,0,0,0,0,27,0,0,0,0,0,0,0,0
1909,Harp,62000,114,0,0,0,1,0,0,0,2,0,0,27,0,0,0,0,0,0,0,0
1910,Harp_,62000,114,0,0,0,2,0,0,0,2,0,0,27,0,0,0,0,0,0,0,0
1911,Guh_Moon_Goh,54000,126,0,0,0,1,0,0,0,0,0,0,27,0,0,0,0,0,0,0,0
1912,Guh_Moon_Goh_,54000,126,0,0,0,2,0,0,0,0,0,0,27,0,0,0,0,0,0,0,0
1950,Rope,2500,45,0,0,0,3,0,0,0,0,0,0,3,0,0,0,0,0,0,0,0
1951,Rope_,2500,45,0,0,0,4,0,0,0,0,0,0,3,0,0,0,0,0,0,0,0
1952,Line,12000,80,0,0,0,2,0,0,0,0,0,0,16,0,0,0,0,0,0,0,0
1953,Line_,12000,80,0,0,0,3,0,0,0,0,0,0,16,0,0,0,0,0,0,0,0
1954,Wire,17500,95,0,0,0,2,0,0,0,0,0,0,16,0,0,0,0,0,0,0,0
1955,Wire_,17500,95,0,0,0,3,0,0,0,0,0,0,16,0,0,0,0,0,0,0,0
1956,Rante,32000,135,0,0,0,0,0,0,0,0,0,0,30,0,0,0,0,0,0,0,0
1957,Rante_,32000,135,0,0,0,1,0,0,0,0,0,0,30,0,0,0,0,0,0,0,0
1958,Tail,41000,105,0,0,0,1,0,0,0,0,0,3,30,0,0,0,0,0,0,0,0
1959,Tail_,41000,105,0,0,0,2,0,0,0,0,0,3,30,0,0,0,0,0,0,0,0
1960,Whip,38000,120,0,0,0,1,0,0,0,0,0,0,30,0,0,0,0,0,0,0,0
1961,Whip_,38000,120,0,0,0,2,0,0,0,0,0,0,30,0,0,0,0,0,0,0,0
1962,Lariat,20,100,0,0,0,0,0,0,0,0,0,0,44,0,0,0,0,0,0,0,0
1964,Chemeti,20,150,0,0,0,0,0,0,0,0,0,0,44,0,0,0,0,0,0,0,0
2101,Guard,500,0,0,3,0,0,0,0,0,0,0,0,0,0,0,0,0,0,0,0,0
2102,Guard_,500,0,0,3,0,1,0,0,0,0,0,0,0,0,0,0,0,0,0,0,0
2103,Buckler,14000,0,0,4,0,0,0,0,0,0,0,0,0,0,0,0,0,0,0,0,0
2104,Buckler_,14000,0,0,4,0,1,0,0,0,0,0,0,0,0,0,0,0,0,0,0,0
2105,Shield,56000,0,0,6,0,0,0,0,0,0,0,0,0,0,0,0,0,0,0,0,0
2106,Shield_,56000,0,0,6,0,1,0,0,0,0,0,0,0,0,0,0,0,0,0,0,0
2107,Mirror_Shield,60000,0,0,4,5,0,0,0,0,0,0,0,0,0,0,0,0,0,0,0,0
2108,Mirror_Shield_,60000,0,0,4,5,1,0,0,0,0,0,0,0,0,0,0,0,0,0,0,0
2109,Memory_Book,20,0,0,3,2,0,0,0,0,1,0,0,0,0,0,0,0,0,0,0,0
2110,Holyguard,85000,0,0,5,2,0,0,0,2,0,0,0,68,0,0,0,0,0,0,0,0
2111,Evangelist,128000,0,0,6,3,0,0,0,3,2,0,0,83,0,0,0,0,0,0,0,0
2199,Ahura_Mazdah,1,0,0,100,99,0,50,50,50,50,50,50,1,0,0,0,0,0,0,0,0
2201,Sunglasses,5000,0,0,0,0,0,0,0,0,0,0,0,0,0,0,0,0,0,0,0,0
2202,Sunglasses_,5000,0,0,0,0,1,0,0,0,0,0,0,0,0,0,0,0,0,0,0,0
2203,Glasses,4000,0,0,0,0,0,0,0,0,0,0,0,0,0,0,0,0,0,0,0,0
2204,Glasses_,4000,0,0,0,0,1,0,0,0,0,0,0,0,0,0,0,0,0,0,0,0
2205,Diver_Goggles,3500,0,0,0,0,0,0,0,0,0,0,0,0,0,0,0,0,0,0,0,0
2206,Wedding_Veil,23000,0,0,0,5,0,0,0,0,0,0,0,0,0,0,0,0,0,0,0,0
2207,Fancy_Flower,20,0,0,0,0,0,0,0,0,0,0,0,0,0,0,0,0,0,0,0,0
2208,Ribbon,800,0,0,1,3,0,0,0,0,0,0,0,0,0,0,0,0,0,0,0,0
2209,Ribbon_,800,0,0,1,3,1,0,0,0,0,0,0,0,0,0,0,0,0,0,0,0
2210,Hair_Band,500,0,0,1,0,0,0,0,0,0,0,0,0,0,0,0,0,0,0,0,0
2211,Bandana,400,0,0,1,0,0,0,0,0,0,0,0,0,0,0,0,0,0,0,0,0
2212,Eye_Patch,1000,0,0,0,0,0,0,0,0,0,0,0,0,0,0,0,0,0,0,0,0
2213,Kitty_Band,20,0,0,2,0,0,0,0,0,0,0,0,0,0,0,0,0,0,0,0,0
2214,Bunny_Band,20,0,0,2,0,0,0,0,0,0,0,2,0,0,0,0,0,0,0,0,0
2215,Flower_Band,20,0,0,2,0,0,0,0,0,0,0,0,0,0,0,0,0,0,0,0,0
2216,Biretta,9000,0,0,4,0,0,0,0,0,0,0,0,0,0,0,0,0,0,0,0,0
2217,Biretta_,9000,0,0,4,0,1,0,0,0,0,0,0,0,0,0,0,0,0,0,0,0
2218,Flu_Mask,300,0,0,0,0,0,0,0,0,0,0,0,0,0,0,0,0,0,0,0,0
2219,Flu_Mask_,300,0,0,0,0,0,0,0,0,0,0,0,0,0,0,0,0,0,0,0,0
2220,Hat,1000,0,0,2,0,0,0,0,0,0,0,0,0,0,0,0,0,0,0,0,0
2221,Hat_,1000,0,0,2,0,1,0,0,0,0,0,0,0,0,0,0,0,0,0,0,0
2222,Turban,4500,0,0,3,0,0,0,0,0,0,0,0,0,0,0,0,0,0,0,0,0
2223,Turban_,4500,0,0,3,0,1,0,0,0,0,0,0,0,0,0,0,0,0,0,0,0
2224,Goggles,20,0,0,5,0,0,0,0,0,0,0,0,0,0,0,0,0,0,0,0,0
2225,Goggles_,20,0,0,5,0,1,0,0,0,0,0,0,0,0,0,0,0,0,0,0,0
2226,Cap,12000,0,0,4,0,0,0,0,0,0,0,0,0,0,0,0,0,0,0,0,0
2227,Cap_,12000,0,0,4,0,1,0,0,0,0,0,0,0,0,0,0,0,0,0,0,0
2228,Helm,44000,0,0,6,0,0,0,0,0,0,0,0,0,0,0,0,0,0,0,0,0
2229,Helm_,44000,0,0,6,0,1,0,0,0,0,0,0,0,0,0,0,0,0,0,0,0
2230,Gemmed_Sallet,50000,0,0,4,3,0,0,0,0,0,0,0,0,0,0,0,0,0,0,0,0
2231,Gemmed_Sallet_,50000,0,0,4,3,1,0,0,0,0,0,0,0,0,0,0,0,0,0,0,0
2232,Circlet,7500,0,0,3,3,0,0,0,0,0,0,0,0,0,0,0,0,0,0,0,0
2233,Circlet_,7500,0,0,3,3,1,0,0,0,0,0,0,0,0,0,0,0,0,0,0,0
2234,Tiara,20,0,0,4,0,0,0,0,0,2,0,0,45,0,0,0,0,0,0,0,0
2235,Crown,20,0,0,4,0,0,0,0,0,2,0,0,45,0,0,0,0,0,0,0,0
2236,Santa_Hat,20,0,0,1,1,0,0,0,0,0,0,1,0,0,0,0,0,0,0,0,0
2237,Bandit_Beard,2,0,0,0,0,0,0,0,0,0,0,0,0,0,0,0,0,0,0,0,0
2238,Moustache,2,0,0,0,0,0,0,0,0,0,0,0,0,0,0,0,0,0,0,0,0
2239,Single_Glass,10000,0,0,0,0,0,0,0,0,0,0,0,0,0,0,0,0,0,0,0,0
2240,Beard,2,0,0,0,0,0,0,0,0,0,0,0,0,0,0,0,0,0,0,0,0
2241,Grampa_Beard,5000,0,0,0,0,0,0,0,0,0,0,0,0,0,0,0,0,0,0,0,0
2242,Purple_Glasses,24000,0,0,1,0,0,0,0,0,0,0,0,0,0,0,0,0,0,0,0,0
2243,Geek_Glasses,20000,0,0,1,0,0,0,0,0,0,0,0,0,0,0,0,0,0,0,0,0
2244,Big_Ribbon,15000,0,0,2,3,0,0,0,0,0,0,0,0,0,0,0,0,0,0,0,0
2245,Sweet_Gent,15000,0,0,3,0,0,0,0,0,0,0,0,0,0,0,0,0,0,0,0,0
2246,Golden_Gear,20,0,0,5,0,0,0,0,0,0,0,0,40,0,0,0,0,0,0,0,0
2247,Romantic_Gent,15000,0,0,3,0,0,0,0,0,0,0,0,0,0,0,0,0,0,0,0,0
2248,Western_Grace,15000,0,0,3,0,0,0,0,0,0,0,0,0,0,0,0,0,0,0,0,0
2249,Coronet,20,0,0,3,0,0,0,0,0,1,0,0,0,0,0,0,0,0,0,0,0
2250,Cute_Ribbon,500,0,0,1,0,0,0,0,0,0,0,0,0,0,0,0,0,0,0,0,0
2251,Monk_Hat,30000,0,0,5,3,0,0,0,0,0,0,0,0,0,0,0,0,0,0,0,0
2252,Wizard_Hat,20,0,0,4,0,0,0,0,0,0,0,0,0,0,0,0,0,0,0,0,0
2253,Sunflower,20,0,0,1,0,0,0,0,0,0,0,0,0,0,0,0,0,0,0,0,0
2254,Angel_Wing,20,0,0,2,3,0,0,1,0,0,0,1,0,0,0,0,0,0,0,0,0
2255,Evil_Wing,20,0,0,3,2,0,1,0,0,0,0,0,0,0,0,0,0,0,0,0,0
2256,Majestic_Goat,20,0,0,5,0,0,1,0,0,0,0,0,0,0,0,0,0,0,0,0,0
2257,Snow_Horn,20,0,0,2,0,0,0,0,0,0,0,0,0,0,0,0,0,0,0,0,0
2258,Spiky_Band,20,0,0,6,0,0,0,0,0,0,0,0,50,0,0,0,0,0,0,0,0
2259,Mini_Propeller,20,0,0,1,0,0,0,0,0,0,0,0,0,0,0,0,0,0,0,0,0
2260,Mini_Glasses,28000,0,0,1,0,0,0,0,0,0,0,0,0,0,0,0,0,0,0,0,0
2261,Army_Cap,20,0,0,4,0,0,0,0,0,0,0,0,0,0,0,0,0,0,0,0,0
2262,Pierrot_Nose,20,0,0,0,0,0,0,0,0,0,0,0,0,0,0,0,0,0,0,0,0
2263,Zoro_Masque,20,0,0,0,0,0,0,0,0,0,0,0,0,0,0,0,0,0,0,0,0
2264,Munak_Hat,20,0,0,5,0,0,0,0,0,0,0,0,0,0,0,0,0,0,0,0,0
2265,Gangster_Mask,20,0,0,0,0,0,0,0,0,0,0,0,0,0,0,0,0,0,0,0,0
2266,Iron_Cain,20,0,0,1,0,0,0,0,0,0,0,0,50,0,0,0,0,0,0,0,0
2267,Cigar,20,0,0,0,0,0,0,0,0,0,0,0,0,0,0,0,0,0,0,0,0
2268,Pipe,20,0,0,0,0,0,0,0,0,0,0,0,0,0,0,0,0,0,0,0,0
2269,Romantic_Flower,20,0,0,0,0,0,0,0,0,0,0,0,0,0,0,0,0,0,0,0,0
2270,Romantic_Leaf,20,0,0,0,0,0,0,0,0,0,0,0,0,0,0,0,0,0,0,0,0
2271,Jack_B_Dandy,45000,0,0,1,0,0,0,0,0,0,0,0,0,0,0,0,0,0,0,0,0
2272,Stop_Post,20,0,0,1,0,0,0,0,0,0,0,0,0,0,0,0,0,0,0,0,0
2273,Doctor_Band,20,0,0,3,0,0,0,0,0,1,0,0,0,0,0,0,0,0,0,0,0
2274,Ghost_Bandana,20,0,0,0,0,0,0,2,0,0,0,0,0,0,0,0,0,0,0,0,0
2275,Red_Bandana,20,0,0,2,0,0,0,0,0,0,0,0,0,0,0,0,0,0,0,0,0
2276,Eagle_Eyes,20,0,0,1,0,0,0,0,0,0,0,0,0,0,0,0,0,0,0,0,0
2277,Nurse_Cap,20,0,0,2,0,0,0,0,0,1,0,1,0,0,0,0,0,0,0,0,0
2278,Mr_Smile,60,0,0,1,0,0,0,0,0,0,0,0,0,0,0,0,0,0,0,0,0
2279,Bomb_Wick,20,0,0,1,0,0,0,0,0,0,0,0,0,0,0,0,0,0,0,0,0
2280,Sakkat,20,0,0,3,0,0,0,1,0,0,0,0,0,0,0,0,0,0,0,0,0
2281,Opera_Masque,20,0,0,2,0,0,0,0,0,0,0,0,0,0,0,0,0,0,0,0,0
2282,Heaven_Ring,20,0,0,0,0,0,0,0,0,0,0,0,0,0,0,0,0,0,0,0,0
2283,Ear_Muffs,20,0,0,3,0,0,0,0,0,0,0,0,0,0,0,0,0,0,0,0,0
2284,Antler,20,0,0,4,0,0,0,0,0,0,0,0,0,0,0,0,0,0,0,0,0
2285,Apple_o_Archer,20,0,0,0,0,0,0,0,0,0,3,0,30,0,0,0,0,0,0,0,0
2286,Elven_Ears,20,0,0,0,0,0,0,0,0,0,0,0,70,0,0,0,0,0,0,0,0
2287,Pirate_Bandana,20,0,0,1,0,0,1,0,0,0,0,0,0,0,0,0,0,0,0,0,0
2288,Mr_Scream,20,0,0,1,0,0,0,0,0,0,0,0,0,0,0,0,0,0,0,0,0
2289,Poo_Poo_Hat,20,0,0,0,0,0,0,0,0,0,0,0,0,0,0,0,0,0,0,0,0
2290,Funeral_Hat,3000,0,0,1,0,0,0,0,0,0,0,0,0,0,0,0,0,0,0,0,0
2291,Masquerade,20,0,0,0,0,0,0,0,0,0,0,0,0,0,0,0,0,0,0,0,0
2292,Welding_Mask,20,0,0,2,0,0,0,0,0,0,0,0,50,0,0,0,0,0,0,0,0
2293,Pretend_Murdered,20,0,0,1,0,0,0,0,0,0,0,0,0,0,0,0,0,0,0,0,0
2294,Stellar,20,0,0,1,0,0,0,0,0,0,0,0,0,0,0,0,0,0,0,0,0
2295,Blinker,1500,0,0,0,0,0,0,0,0,0,0,0,0,0,0,0,0,0,0,0,0
2296,Binoculars,20,0,0,1,0,0,0,0,0,0,1,0,50,0,0,0,0,0,0,0,0
2297,Goblini_Mask,20,0,0,1,0,0,0,0,0,0,0,0,0,0,0,0,0,0,0,0,0
2298,Green_Feeler,20,0,0,2,0,0,0,0,0,0,0,0,0,0,0,0,0,0,0,0,0
2299,Orc_Helm,20,0,0,5,0,0,0,0,0,0,0,0,0,0,0,0,0,0,0,0,0
2301,Cotton_Shirts,10,0,0,1,0,0,0,0,0,0,0,0,0,0,0,0,0,0,0,0,0
2302,Cotton_Shirts_,10,0,0,1,0,1,0,0,0,0,0,0,0,0,0,0,0,0,0,0,0
2303,Jacket,200,0,0,2,0,0,0,0,0,0,0,0,0,0,0,0,0,0,0,0,0
2304,Jacket_,200,0,0,2,0,1,0,0,0,0,0,0,0,0,0,0,0,0,0,0,0
2305,Adventurers_Suit,1000,0,0,3,0,0,0,0,0,0,0,0,0,0,0,0,0,0,0,0,0
2306,Adventurers_Suit_,1000,0,0,3,0,1,0,0,0,0,0,0,0,0,0,0,0,0,0,0,0
2307,Mantle,10000,0,0,4,0,0,0,0,0,0,0,0,0,0,0,0,0,0,0,0,0
2308,Mantle_,10000,0,0,4,0,1,0,0,0,0,0,0,0,0,0,0,0,0,0,0,0
2309,Coat,22000,0,0,5,0,0,0,0,0,0,0,0,0,0,0,0,0,0,0,0,0
2310,Coat_,22000,0,0,5,0,1,0,0,0,0,0,0,0,0,0,0,0,0,0,0,0
2311,Mink_Coat,20,0,0,6,0,1,0,0,0,0,0,0,30,0,0,0,0,0,0,0,0
2312,Padded_Armor,48000,0,0,7,0,0,0,0,0,0,0,0,0,0,0,0,0,0,0,0,0
2313,Padded_Armor_,48000,0,0,7,0,1,0,0,0,0,0,0,0,0,0,0,0,0,0,0,0
2314,Chain_Mail,65000,0,0,8,0,0,0,0,0,0,0,0,0,0,0,0,0,0,0,0,0
2315,Chain_Mail_,65000,0,0,8,0,1,0,0,0,0,0,0,0,0,0,0,0,0,0,0,0
2316,Full_Plate,80000,0,0,10,0,0,0,0,0,0,0,0,40,0,0,0,0,0,0,0,0
2317,Full_Plate_,80000,0,0,10,0,1,0,0,0,0,0,0,40,0,0,0,0,0,0,0,0
2318,Lords_Clothes,20,0,0,8,5,1,0,0,0,1,0,0,70,0,0,0,0,0,0,0,0
2319,Glittering_Jacket,20,0,0,7,5,1,0,0,0,0,0,0,60,0,0,0,0,0,0,0,0
2320,Formal_Suit,20,0,0,5,0,1,0,0,0,0,0,0,0,0,0,0,0,0,0,0,0
2321,Silk_Robe,8000,0,0,3,10,0,0,0,0,0,0,0,0,0,0,0,0,0,0,0,0
2322,Silk_Robe_,8000,0,0,3,10,1,0,0,0,0,0,0,0,0,0,0,0,0,0,0,0
2323,Scapulare,6500,0,0,4,0,0,0,0,0,0,0,0,0,0,0,0,0,0,0,0,0
2324,Scapulare_,6500,0,0,4,0,1,0,0,0,0,0,0,0,0,0,0,0,0,0,0,0
2325,Saint_Robe,54000,0,0,6,5,0,0,0,0,0,0,0,0,0,0,0,0,0,0,0,0
2326,Saint_Robe_,54000,0,0,6,5,1,0,0,0,0,0,0,0,0,0,0,0,0,0,0,0
2327,Holy_Robe,20,0,0,7,5,0,0,0,0,0,0,0,60,0,0,0,0,0,0,0,0
2328,Wooden_Mail,5500,0,0,4,0,0,0,0,0,0,0,0,0,0,0,0,0,0,0,0,0
2329,Wooden_Mail_,5500,0,0,4,0,1,0,0,0,0,0,0,0,0,0,0,0,0,0,0,0
2330,Tights,71000,0,0,6,0,0,0,0,0,0,1,0,45,0,0,0,0,0,0,0,0
2331,Tights_,71000,0,0,6,0,1,0,0,0,0,1,0,45,0,0,0,0,0,0,0,0
2332,Silver_Robe,7000,0,0,4,0,0,0,0,0,0,0,0,0,0,0,0,0,0,0,0,0
2333,Silver_Robe_,7000,0,0,4,0,1,0,0,0,0,0,0,0,0,0,0,0,0,0,0,0
2334,Magician_Robe,20,0,0,5,5,0,0,0,0,1,0,0,50,0,0,0,0,0,0,0,0
2335,Thief_Clothes,74000,0,0,6,0,0,0,1,0,0,0,0,0,0,0,0,0,0,0,0,0
2336,Thief_Clothes_,74000,0,0,6,0,1,0,1,0,0,0,0,0,0,0,0,0,0,0,0,0
2337,Ninja_Suit,20,0,0,7,3,0,0,1,0,0,0,0,50,0,0,0,0,0,0,0,0
2338,Wedding_Dress,43000,0,0,0,15,0,0,0,0,0,0,0,0,0,0,0,0,0,0,0,0
2339,Pantie,1000,0,0,4,0,0,0,0,0,0,0,0,0,0,0,0,0,0,0,0,0
2340,Novice_Breastplate,89000,0,0,4,0,1,0,0,0,0,0,0,50,0,0,0,0,0,0,0,0
2341,Full_Plate_Armor,94000,0,0,11,0,0,0,0,0,0,0,0,70,0,0,0,0,0,0,0,0
2342,Full_Plate_Armor_,102500,0,0,11,0,1,0,0,0,0,0,0,70,0,0,0,0,0,0,0,0
2343,Robe_of_Casting,124800,0,0,5,4,0,0,0,0,0,0,0,75,0,0,0,0,0,0,0,0
2344,Armor_of_Fire,136000,0,0,4,0,0,0,0,0,0,0,0,45,0,0,0,0,0,0,0,0
2345,Armor_of_Fire_,136000,0,0,4,0,0,0,0,0,0,0,0,45,0,0,0,0,0,0,0,0
2346,Armor_of_Water,136000,0,0,4,0,0,0,0,0,0,0,0,45,0,0,0,0,0,0,0,0
2347,Armor_of_Water_,136000,0,0,4,0,0,0,0,0,0,0,0,45,0,0,0,0,0,0,0,0
2348,Armor_of_Wind,136000,0,0,4,0,1,0,0,0,0,0,0,45,0,0,0,0,0,0,0,0
2349,Armor_of_Wind_,136000,0,0,4,0,1,0,0,0,0,0,0,45,0,0,0,0,0,0,0,0
2350,Armor_of_Land,136000,0,0,4,0,1,0,0,0,0,0,0,45,0,0,0,0,0,0,0,0
2351,Armor_of_Land_,136000,0,0,4,0,1,0,0,0,0,0,0,45,0,0,0,0,0,0,0,0
2401,Sandals,400,0,0,1,0,0,0,0,0,0,0,0,0,0,0,0,0,0,0,0,0
2402,Sandals_,400,0,0,1,0,1,0,0,0,0,0,0,0,0,0,0,0,0,0,0,0
2403,Shoes,3500,0,0,2,0,0,0,0,0,0,0,0,0,0,0,0,0,0,0,0,0
2404,Shoes_,3500,0,0,2,0,1,0,0,0,0,0,0,0,0,0,0,0,0,0,0,0
2405,Boots,18000,0,0,4,0,0,0,0,0,0,0,0,0,0,0,0,0,0,0,0,0
2406,Boots_,18000,0,0,4,0,1,0,0,0,0,0,0,0,0,0,0,0,0,0,0,0
2407,Crystal_Pumps,20,0,0,0,10,0,0,0,0,0,0,5,0,0,0,0,0,0,0,0,0
2408,Ball_n_Chain,5000,0,0,3,0,0,0,0,0,0,0,0,0,0,0,0,0,0,0,0,0
2409,Highheels,8500,0,0,2,5,0,0,0,0,0,0,0,0,0,0,0,0,0,0,0,0
2410,Sleipnir,20,0,0,1,10,0,0,0,0,0,0,0,95,0,0,0,0,0,0,0,0
2411,Greaves,48000,0,0,5,0,0,0,0,0,0,0,0,65,0,0,0,0,0,0,0,0
2412,Greaves_,54000,0,0,5,0,1,0,0,0,0,0,0,65,0,0,0,0,0,0,0,0
2413,Safety_Shoes,34000,0,0,6,0,0,0,0,0,0,0,0,30,0,0,0,0,0,0,0,0
2501,Hood,1000,0,0,1,0,0,0,0,0,0,0,0,0,0,0,0,0,0,0,0,0
2502,Hood_,1000,0,0,1,0,1,0,0,0,0,0,0,0,0,0,0,0,0,0,0,0
2503,Muffler,5000,0,0,2,0,0,0,0,0,0,0,0,0,0,0,0,0,0,0,0,0
2504,Muffler_,5000,0,0,2,0,1,0,0,0,0,0,0,0,0,0,0,0,0,0,0,0
2505,Manteau,32000,0,0,4,0,0,0,0,0,0,0,0,0,0,0,0,0,0,0,0,0
2506,Manteau_,32000,0,0,4,0,1,0,0,0,0,0,0,0,0,0,0,0,0,0,0,0
2507,Ancient_Cape,20,0,0,2,0,0,0,1,0,0,0,0,40,0,0,0,0,0,0,0,0
2508,Ragamuffin_Manteau,20,0,0,1,10,0,0,0,0,0,0,0,0,0,0,0,0,0,0,0,0
2509,Manteau_of_Life,42000,0,0,0,5,0,0,0,10,0,0,0,75,0,0,0,0,0,0,0,0
2601,Ring,30000,0,0,0,0,0,2,0,0,0,0,0,20,0,0,0,0,0,0,0,0
2602,Earring,30000,0,0,0,0,0,0,0,0,2,0,0,20,0,0,0,0,0,0,0,0
2603,Necklace,30000,0,0,0,0,0,0,0,2,0,0,0,20,0,0,0,0,0,0,0,0
2604,Glove,30000,0,0,0,0,0,0,0,0,0,2,0,20,0,0,0,0,0,0,0,0
2605,Brooch,30000,0,0,0,0,0,0,2,0,0,0,0,20,0,0,0,0,0,0,0,0
2607,Clip,30000,0,0,0,0,1,0,0,0,0,0,0,0,0,0,0,0,0,0,0,0
2608,Rosary,15000,0,0,0,5,0,0,0,0,0,0,2,20,0,0,0,0,0,0,0,0
2609,Skull_Ring,10000,0,0,0,0,0,0,0,0,0,0,0,0,0,0,0,0,0,0,0,0
2610,Gold_Ring,30000,0,0,0,0,0,0,0,0,0,0,0,0,0,0,0,0,0,0,0,0
2611,Silver_Ring,20000,0,0,0,0,0,0,0,0,0,0,0,0,0,0,0,0,0,0,0,0
2612,Flower_Ring,1500,0,0,0,0,0,0,0,0,0,0,0,0,0,0,0,0,0,0,0,0
2613,Diamond_Ring,45000,0,0,0,0,0,0,0,0,0,0,0,0,0,0,0,0,0,0,0,0
2614,Eye_of_Durrahan,90000,0,0,0,0,0,0,0,0,0,0,0,50,0,0,0,0,0,0,0,0
2615,Safety_Ring,75000,0,0,3,3,0,0,0,0,0,0,0,40,0,0,0,0,0,0,0,0
2616,Critical_Ring,75000,0,0,0,0,0,0,0,0,0,0,0,40,0,0,0,0,0,0,0,0
2617,Celebrants_Mitten,2,0,0,1,0,0,0,0,0,1,0,0,35,0,0,0,0,0,0,0,0
2618,Matyrs_Leash,2,0,0,1,0,0,0,1,0,0,0,0,35,0,0,0,0,0,0,0,0
2619,Bow_Thimble,10000,0,0,0,0,0,0,0,0,0,0,0,65,0,0,0,0,0,0,0,0
2620,Rogues_Treasure,10000,0,0,0,0,0,0,0,0,0,0,0,70,0,0,0,0,0,0,0,0
2621,Ring_,30000,0,0,0,0,1,1,0,0,0,0,0,90,0,0,0,0,0,0,0,0
2622,Earring_,30000,0,0,0,0,1,0,0,0,1,0,0,90,0,0,0,0,0,0,0,0
2623,Necklace_,30000,0,0,0,0,1,0,0,1,0,0,0,90,0,0,0,0,0,0,0,0
2624,Glove_,30000,0,0,0,0,1,0,0,0,0,1,0,90,0,0,0,0,0,0,0,0
2625,Brooch_,30000,0,0,0,0,1,0,1,0,0,0,0,90,0,0,0,0,0,0,0,0
2626,Rosary_,15000,0,0,0,3,1,0,0,0,0,0,1,90,0,0,0,0,0,0,0,0
2627,Belt,20000,0,0,0,0,1,0,0,0,0,1,0,25,0,0,0,0,0,0,0,0
2628,Novce_Armlet,400,0,0,0,0,1,1,0,0,1,0,1,1,0,0,0,0,0,0,0,0
2629,Megingjard,20,0,0,2,7,0,40,0,0,0,0,0,90,0,0,0,0,0,0,0,0
2630,Brisingamen,20,0,0,1,0,0,3,3,3,3,0,0,95,0,0,0,0,0,0,0,0
4001,Poring_Card,20,0,0,0,0,0,0,0,0,0,0,1,0,0,0,0,0,0,0,0,0
4002,Fabre_Card,20,0,0,0,0,0,0,0,1,0,0,0,0,0,0,0,0,0,0,0,0
4003,Pupa_Card,20,0,0,0,0,0,0,0,0,0,0,0,0,50,0,0,0,0,0,0,0
4004,Drops_Card,20,0,0,0,0,0,0,0,0,0,1,0,0,0,0,0,0,0,0,0,0
4005,Santa_Poring_Card,20,0,0,0,0,0,0,0,0,0,0,0,0,0,0,0,0,0,0,0,0
4006,Lunatic_Card,20,0,0,0,0,0,0,0,0,0,0,1,0,0,0,0,0,0,0,0,0
4007,Pecopeco_Egg_Card,20,0,0,0,0,0,0,0,0,0,0,0,0,0,0,0,0,0,0,0,0
4008,Picky_Card,20,0,0,0,0,0,1,0,0,0,0,0,0,0,0,0,0,0,0,0,0
4009,Chonchon_Card,20,0,0,0,0,0,0,1,0,0,0,0,0,0,0,0,0,0,0,0,0
4010,Willow_Card,20,0,0,0,0,0,0,0,0,0,0,0,0,0,0,30,0,0,0,0,0
4011,Picky_Egg_Card,20,0,0,0,0,0,0,0,1,0,0,0,0,0,0,0,0,0,0,0,0
4012,Thiefbug_Egg_Card,20,0,0,0,0,0,0,0,0,0,0,0,0,30,0,0,0,0,0,0,0
4013,Andre_Egg_Card,20,0,0,0,0,0,0,0,0,0,0,0,0,0,0,0,0,0,0,0,0
4014,Roda_Frog_Card,20,0,0,0,0,0,0,0,0,0,0,0,0,100,0,0,0,0,0,0,0
4015,Condor_Card,20,0,0,0,0,0,0,0,0,0,0,0,0,0,0,0,0,0,0,5,0
4016,Thief_Bug_Card,20,0,0,0,0,0,0,1,0,0,0,0,0,0,0,0,0,0,0,0,0
4017,Savage_Bebe_Card,20,0,0,0,0,0,0,0,0,0,0,0,0,0,0,0,0,0,0,0,0
4018,Andre_Larva_Card,20,0,0,0,0,0,0,0,0,0,0,0,0,0,0,0,0,0,0,0,0
4019,Hornet_Card,20,0,0,0,0,0,1,0,0,0,0,0,0,0,0,0,0,0,0,0,0
4020,Familiar_Card,20,0,0,0,0,0,0,0,0,0,0,0,0,0,0,0,0,0,0,0,0
4021,Rocker_Card,20,0,0,0,0,0,0,0,0,0,1,0,0,0,0,0,0,0,0,0,0
4022,Spore_Card,20,0,0,0,0,0,0,0,2,0,0,0,0,0,0,0,0,0,0,0,0
4023,Baby_Desertwolf_Card,20,0,0,0,0,0,0,0,0,1,0,0,0,0,0,0,0,0,0,0,0
4024,Plankton_Card,20,0,0,0,0,0,0,0,0,0,0,0,0,0,0,0,0,0,0,0,0
4025,Skeleton_Card,20,0,0,0,0,0,0,0,0,0,0,0,0,0,0,0,0,0,0,0,0
4026,Female_Thiefbug_Card,20,0,0,0,0,0,0,1,0,0,0,0,0,0,0,0,0,0,0,0,0
4027,Kukre_Card,20,0,0,0,0,0,0,2,0,0,0,0,0,0,0,0,0,0,0,0,0
4028,Tarou_Card,20,0,0,0,0,0,2,0,0,0,0,0,0,0,0,0,0,0,0,0,0
4029,Wolf_Card,20,5,0,0,0,0,0,0,0,0,0,0,0,0,0,0,0,0,0,0,0
4030,Mandragora_Card,20,0,0,0,0,0,0,0,0,0,0,0,0,0,0,0,0,0,0,0,0
4031,Pecopeco_Card,20,0,0,0,0,0,0,0,0,0,0,0,0,150,0,0,0,0,0,0,0
4032,Ambernite_Card,20,0,0,0,0,0,0,0,2,0,0,0,0,0,0,0,0,0,0,0,0
4033,Poporing_Card,20,0,0,0,0,0,0,0,0,0,0,0,0,0,0,0,0,0,0,0,Detoxify Lv1
4034,Wormtail_Card,20,0,0,0,0,0,0,0,0,0,2,0,0,0,0,0,0,0,0,0,0
4035,Hydra_Card,20,0,0,0,0,0,0,0,0,0,0,0,0,0,0,0,0,0,0,0,0
4036,Muka_Card,20,0,0,0,0,0,0,0,0,0,0,0,0,0,0,0,0,0,0,0,0
4037,Snake_Card,20,0,0,0,0,0,0,0,0,0,0,0,0,0,0,0,0,0,0,0,0
4038,Zombie_Card,20,0,0,0,0,0,0,0,0,0,0,0,0,0,0,0,0,0,0,0,0
4039,Stainer_Card,20,0,0,0,0,0,0,0,0,0,0,0,0,0,0,0,0,0,0,0,0
4040,Creamy_Card,20,0,0,0,0,0,0,0,0,0,0,0,0,0,0,0,0,0,0,0,Teleport Lv1
4041,Coco_Card,20,0,0,0,0,0,0,0,0,0,0,0,0,0,0,0,0,0,0,0,0
4042,Steel_Chonchon_Card,20,0,0,0,0,0,0,0,0,0,0,0,0,0,0,0,0,0,0,0,0
4043,Andre_Card,20,10,0,0,0,0,0,0,0,0,0,0,0,0,0,0,0,0,0,0,0
4044,Smokie_Card,20,0,0,0,0,0,0,0,0,0,0,0,0,0,0,0,0,0,0,0,Hiding Lv1
4045,Horn_Card,20,0,0,0,0,0,0,0,0,0,0,0,0,0,0,0,0,0,0,0,0
4046,Martin_Card,20,0,0,0,0,0,0,0,0,0,0,0,0,0,0,0,0,0,0,0,0
4047,Ghostring_Card,20,0,0,0,0,0,0,0,0,0,0,0,0,0,0,0,0,0,0,0,0
4048,Poison_Spore_Card,20,0,0,0,0,0,0,0,0,0,0,0,0,0,0,0,0,0,0,0,Envenom Lv 3
4049,Vadon_Card,20,0,0,0,0,0,0,0,0,0,0,0,0,0,0,0,0,0,0,0,0
4050,Male_Thiefbug_Card,20,0,0,0,0,0,0,2,0,0,0,0,0,0,0,0,0,0,0,0,0
4051,Yoyo_Card,20,0,0,0,0,0,0,1,0,0,0,0,0,0,0,0,0,0,5,0,0
4052,Elder_Willow_Card,20,0,0,0,0,0,0,0,0,2,0,0,0,0,0,0,0,0,0,0,0
4053,Vitata_Card,20,0,0,0,0,0,0,0,0,0,0,0,0,0,0,0,0,0,0,0,Heal Lv 1
4054,Angelring_Card,20,0,0,0,0,0,0,0,0,0,0,0,0,0,0,0,0,0,0,0,0
4055,Marina_Card,20,0,0,0,0,0,0,0,0,0,0,0,0,0,0,0,0,0,0,0,0
4056,Dustiness_Card,20,0,0,0,0,0,0,0,0,0,0,0,0,0,0,0,0,0,0,0,0
4057,Metaller_Card,20,0,0,0,0,0,0,0,0,0,0,0,0,0,0,0,0,0,0,0,0
4058,Thara_Frog_Card,20,0,0,0,0,0,0,0,0,0,0,0,0,0,0,0,0,0,0,0,0
4059,Soldier_Andre_Card,20,0,0,0,0,0,0,0,0,0,0,0,0,0,0,0,0,0,0,0,0
4060,Goblin_Card,20,0,0,0,0,0,0,0,0,0,0,0,0,0,0,0,0,0,0,0,0
4061,Cornutus_Card,20,0,0,0,0,0,0,0,0,0,0,0,0,0,0,0,0,0,0,0,0
4062,Anacondaq_Card,20,0,0,0,0,0,0,0,0,0,0,0,0,0,0,0,0,0,0,0,0
4063,Caramel_Card,20,0,0,0,0,0,0,0,0,0,0,0,0,0,0,0,0,0,0,0,0
4064,Zerom_Card,20,0,0,0,0,0,0,0,0,0,3,0,0,0,0,0,0,0,0,0,0
4065,Kaho_Card,20,0,0,0,0,0,0,0,0,0,0,0,0,0,0,0,0,0,0,0,0
4066,Orc_Worrier_Card,20,0,0,0,0,0,0,0,0,0,0,0,0,0,0,0,0,0,0,0,0
4067,Megalodon_Card,20,0,0,0,0,0,0,0,0,0,0,0,0,0,0,0,0,0,0,0,0
4068,Scorpion_Card,20,0,0,0,0,0,0,0,0,0,0,0,0,0,0,0,0,0,0,0,0
4069,Drainliar_Card,20,0,0,0,0,0,0,0,0,0,0,0,0,0,0,0,0,0,0,0,0
4070,Eggyra_Card,20,0,0,0,0,0,0,0,0,0,0,0,0,0,0,0,0,0,0,0,0
4071,Orc_Zombie_Card,20,0,0,0,0,0,0,0,0,0,0,0,0,0,0,0,0,0,0,0,0
4072,Golem_Card,20,0,0,0,0,0,0,0,0,0,0,0,0,0,0,0,0,0,0,0,0
4073,Pirate_Skel_Card,20,0,0,0,0,0,0,0,0,0,0,0,0,0,0,0,0,0,0,0,Discount Lv 5
4074,Bigfoot_Card,20,0,0,0,0,0,0,0,0,0,0,0,0,0,0,0,0,0,0,0,0
4075,Argos_Card,20,0,0,0,0,0,0,0,0,0,0,0,0,0,0,0,0,0,0,0,0
4076,Magnolia_Card,20,0,0,0,0,0,0,0,0,0,0,0,0,0,0,0,0,0,0,0,0
4077,Phen_Card,20,0,0,0,0,0,0,0,0,0,0,0,0,0,0,0,0,0,0,0,0
4078,Savage_Card,20,0,0,0,0,0,0,0,3,0,0,0,0,0,0,0,0,0,0,0,0
4079,Mantis_Card,20,0,0,0,0,0,3,0,0,0,0,0,0,0,0,0,0,0,0,0,0
4080,Flora_Card,20,0,0,0,0,0,0,0,0,0,0,0,0,0,0,0,0,0,0,0,0
4081,Hode_Card,20,0,0,0,0,0,0,0,0,0,0,0,0,0,0,0,0,0,0,0,0
4082,Desert_Wolf_Card,20,0,0,0,0,0,0,0,0,0,0,0,0,0,0,0,0,0,0,0,0
4083,Rafflesia_Card,20,0,0,0,0,0,0,0,0,0,0,0,0,0,0,0,0,0,0,0,0
4084,Marine_Sphere_Card,20,0,0,0,0,0,0,0,0,0,0,0,0,0,0,0,0,0,0,0,7
4085,Orc_Skeleton_Card,20,0,0,0,0,0,0,0,0,0,0,0,0,0,0,0,0,0,0,0,0
4086,Soldier_Skeleton_Card,20,0,0,0,0,0,0,0,0,0,0,0,0,0,0,0,0,0,9,0,0
4087,Giearth_Card,20,0,0,0,0,0,0,0,0,0,0,0,0,0,0,0,0,0,0,0,0
4088,Frilldora_Card,20,0,0,0,0,0,0,0,0,0,0,0,0,0,0,0,0,0,0,0,0
4089,Swordfish_Card,20,0,0,0,0,0,0,0,0,0,0,0,0,0,0,0,0,0,0,0,0
4090,Munak_Card,20,0,0,0,0,0,0,0,0,0,0,0,0,0,0,0,0,0,0,0,0
4091,Cobold_Card,20,0,0,0,0,0,1,0,0,0,0,0,0,0,0,0,0,0,5,0,0
4092,Skel_Worker_Card,20,0,0,0,0,0,0,0,0,0,0,0,0,0,0,0,0,0,0,0,0
4093,Obeaune_Card,20,0,0,0,0,0,0,0,0,0,0,0,0,0,0,0,0,0,0,0,Cure Lv 1
4094,Archer_Skeleton_Card,20,0,0,0,0,0,0,0,0,0,0,0,0,0,0,0,0,0,0,0,0
4095,Mars_Card,20,0,0,0,0,0,0,0,0,0,0,0,0,0,0,0,0,0,0,0,0
4096,Zenorc_Card,20,0,0,0,0,0,0,0,0,0,0,0,0,0,0,0,0,0,0,0,0
4097,Matyr_Card,20,0,0,0,0,0,0,1,0,0,0,0,0,0,0,0,0,0,0,0,0
4098,Dokkaebi_Card,20,0,0,0,0,0,0,0,0,0,0,0,0,0,0,0,0,0,0,0,0
4099,Pasana_Card,20,0,0,0,0,0,0,0,0,0,0,0,0,0,0,0,0,0,0,0,0
4100,Sohee_Card,20,0,0,0,0,0,0,0,0,0,0,0,0,0,0,0,0,0,0,0,0
4101,Sandman_Card,20,0,0,0,0,0,0,0,0,0,0,0,0,0,0,0,0,0,0,0,0
4102,Whisper_Card,20,0,0,0,0,0,0,0,0,0,0,0,0,0,0,0,0,0,0,20,0
4103,Horong_Card,20,0,0,0,0,0,0,0,0,0,0,0,0,0,0,0,0,0,0,0,Sight Lv 1
4104,Requiem_Card,20,0,0,0,0,0,0,0,0,0,0,0,0,0,0,0,0,0,0,0,0
4105,Marc_Card,20,0,0,0,0,0,0,0,0,0,0,0,0,0,0,0,0,0,0,0,0
4106,Mummy_Card,20,0,0,0,0,0,0,0,0,0,0,0,0,0,0,0,0,20,0,0,0
4107,Verit_Card,20,0,0,0,0,0,0,0,0,0,0,0,0,0,0,0,0,0,0,0,0
4108,Mist_Card,20,0,0,0,0,0,0,0,0,0,0,0,0,0,0,0,0,0,0,0,0
4109,Zakk_Card,20,0,0,0,0,0,0,0,0,0,0,0,0,0,0,0,0,0,0,0,0
4110,Ghoul_Card,20,0,0,0,0,0,0,0,0,0,0,0,0,0,0,0,0,0,0,0,0
4111,Strouf_Card,20,0,0,0,0,0,0,0,0,0,0,0,0,0,0,0,0,0,0,0,0
4112,Marduk_Card,20,0,0,0,0,0,0,0,0,0,0,0,0,0,0,0,0,0,0,0,0
4113,Marionette_Card,20,0,0,0,0,0,0,0,0,0,0,0,0,0,0,0,0,0,0,0,0
4114,Argiope_Card,20,0,0,0,0,0,0,0,0,0,0,0,0,0,0,0,0,0,0,0,0
4115,Hunter_Fly_Card,20,0,0,0,0,0,0,0,0,0,0,0,0,0,0,0,0,0,0,0,0
4116,Isis_Card,20,0,0,0,0,0,0,0,0,0,0,0,0,0,0,0,0,0,0,0,0
4117,Sidewinder_Card,20,0,0,0,0,0,0,0,0,0,0,0,0,0,0,0,0,0,0,0,0
4118,Petite_Card,20,0,0,0,0,0,0,0,0,0,0,0,0,0,0,0,0,0,0,0,0
4119,Bathory_Card,20,0,0,0,0,0,0,0,0,0,0,0,0,0,0,0,0,0,0,0,0
4120,Petite_Card,20,0,0,0,0,0,0,0,0,0,0,0,0,0,0,0,0,0,0,0,0
4121,Phreeoni_Card,20,0,0,0,0,0,0,0,0,0,0,0,0,0,0,0,0,0,0,0,0
4122,Deviruchi_Card,20,0,0,0,0,0,0,0,0,0,0,0,0,0,0,0,0,0,0,0,0
4123,Eddga_Card,20,0,0,0,0,0,0,0,0,0,0,0,0,0,0,0,0,0,0,0,0
4124,Medusa_Card,20,0,0,0,0,0,0,0,0,0,0,0,0,0,0,0,0,0,0,0,0
4125,Deviace_Card,20,0,0,0,0,0,0,0,0,0,0,0,0,0,0,0,0,0,0,0,0
4126,Minorous_Card,20,0,0,0,0,0,0,0,0,0,0,0,0,0,0,0,0,0,0,0,0
4127,Nightmare_Card,20,0,0,0,0,0,0,0,0,0,0,0,0,0,0,0,0,0,0,0,0
4128,Golden_Thiefbug_Card,20,0,0,0,0,0,0,0,0,0,0,0,0,0,0,0,0,0,0,0,0
4129,Bapho_Jr_Card,20,0,0,0,0,0,0,0,0,0,0,0,0,0,0,0,0,0,0,0,0
4130,Scorpion_King_Card,20,0,0,0,0,0,0,0,0,0,0,0,0,0,0,0,0,0,0,0,0
4131,Moonlight_Flower_Card,20,0,0,0,0,0,0,0,0,0,0,0,0,0,0,0,0,0,0,0,0
4132,Mistress_Card,20,0,0,0,0,0,0,0,0,0,0,0,0,0,0,0,0,0,0,0,0
4133,Raydric_Card,20,0,0,0,0,0,0,0,0,0,0,0,0,0,0,0,0,0,0,0,0
4134,Dracula_Card,20,0,0,0,0,0,0,0,0,0,0,0,0,0,0,0,0,0,0,0,0
4135,Orc_Lord_Card,20,0,0,0,0,0,0,0,0,0,0,0,0,0,0,0,0,0,0,0,0
4136,Khalitzburg_Card,20,0,0,0,0,0,0,0,0,0,0,0,0,0,0,0,0,0,0,0,0
4137,Drake_Card,20,0,0,0,0,0,0,0,0,0,0,0,0,0,0,0,0,0,0,0,0
4138,Anubis_Card,20,0,0,0,0,0,0,0,0,0,0,0,0,0,0,0,0,0,0,0,0
4139,Joker_Card,20,0,0,0,0,0,0,0,0,0,0,0,0,0,0,0,0,0,0,0,??
4140,Abysmal_Knight_Card,20,0,0,0,0,0,0,0,0,0,0,0,0,0,0,0,0,0,0,0,0
4141,Evil_Druid_Card,20,0,0,0,0,0,0,0,0,0,0,0,0,0,0,0,0,0,0,0,0
4142,Doppelganger_Card,20,0,0,0,0,0,0,0,0,0,0,0,0,0,0,0,0,0,0,0,0
4143,Orc_Hero_Card,20,0,0,0,0,0,0,0,0,0,0,0,0,0,0,0,0,0,0,0,0
4144,Osiris_Card,20,0,0,0,0,0,0,0,0,0,0,0,0,0,0,0,0,0,0,0,0
4145,Berzebub_Card,20,0,0,0,0,0,0,0,0,0,0,0,0,0,0,0,0,0,0,0,0
4146,Maya_Card,20,0,0,0,0,0,0,0,0,0,0,0,0,0,0,0,0,0,0,0,0
4147,Baphomet_Card,20,0,0,0,0,0,0,0,0,0,0,0,0,0,0,0,0,0,0,0,0
4148,Pharaoh_Card,20,0,0,0,0,0,0,0,0,0,0,0,0,0,0,0,0,0,0,0,0
5001,Headset,20,0,0,3,0,0,0,0,0,0,0,0,1,0,0,0,0,0,0,0,0
5002,Jewel_Crown,20,0,0,4,3,0,0,0,0,2,0,1,60,0,0,0,0,0,0,0,0
5003,Joker_Jester,20,0,0,1,5,0,0,0,0,0,0,2,0,0,0,0,0,0,0,0,0
5004,Oxygen_Mask,20,0,0,0,0,0,0,0,0,0,0,0,0,0,0,0,0,0,0,0,0
5005,Gas_Mask,20,0,0,1,0,0,0,0,0,0,0,0,0,0,0,0,0,0,0,0,0
5006,Machoman_Glasses,36000,0,0,1,0,0,0,0,0,0,0,0,0,0,0,0,0,0,0,0,0
5007,Grand_Circlet,20,0,0,3,4,0,1,0,0,1,0,1,55,0,0,0,0,0,0,0,0
5008,Puppy_Love,20,0,0,1,0,0,0,0,0,0,0,0,0,0,0,0,0,0,0,0,0
5009,Safety_Helmet,20,0,0,3,3,0,0,0,0,0,0,0,0,0,0,0,0,0,0,0,0
5010,Indian_Fillet,20,0,0,3,0,0,0,0,0,0,0,0,0,0,0,0,0,0,0,0,0
5011,Aerial,20,0,0,3,0,0,0,0,0,0,0,0,0,0,0,0,0,0,0,0,0
5012,PhD_Hat,20,0,0,3,3,0,0,0,0,0,0,0,0,0,0,0,0,0,0,0,0
5013,Lord_Kahos_Horn,20,0,0,5,10,0,5,10,10,5,0,20,0,0,0,0,0,0,0,0,0
5014,Fin_Helm,20,0,0,2,0,0,0,0,0,0,0,0,65,0,0,0,0,0,0,0,0
5015,Egg_Shell,20,0,0,3,0,0,0,0,0,0,0,0,0,0,0,0,0,0,0,0,0
5016,Boys_Cap,20,0,0,2,0,0,0,0,0,0,0,0,0,0,0,0,0,0,0,0,0
5017,Bone_Helm,20,0,0,7,0,0,0,0,0,0,0,0,70,0,0,0,0,0,0,0,0
5018,Feather_Bonnet,20,0,0,4,0,0,0,1,0,0,0,0,0,0,0,0,0,0,0,0,0
5019,Corsair,20,0,0,5,0,0,0,0,1,0,0,0,0,0,0,0,0,0,0,0,0
5020,Kafra_Band,20,0,0,3,5,0,0,0,0,0,0,0,0,0,0,0,0,0,0,0,0
5021,Money_Losers_Grief,20,0,0,4,0,0,0,0,0,1,1,0,38,0,0,0,0,0,0,0,0
5022,Sun_Helm,20,0,0,4,0,0,3,0,0,2,0,0,0,0,0,0,0,0,0,0,0
5023,Parcel_Hat,20,0,0,0,0,0,0,0,0,0,0,0,0,0,0,0,0,0,0,0,0
5024,Cake_Hat,20,0,0,1,0,0,0,0,0,0,0,0,0,0,0,0,0,0,0,0,0
5025,Helm_of_Angel,20,0,0,5,3,0,0,1,0,0,0,1,74,0,0,0,0,0,0,0,0
5026,Chef_Hat,20,0,0,1,0,0,0,0,0,0,1,0,50,0,0,0,0,0,0,0,0
5027,Mage_Hat,20,0,0,1,0,0,0,0,0,2,0,0,0,0,0,0,0,0,0,0,0
5028,Candle,20,0,0,0,0,0,0,0,0,0,0,0,0,0,0,0,0,0,0,0,0
5029,Spore_Hat,20,0,0,3,0,0,0,0,0,0,0,0,20,0,0,0,0,0,0,0,0
5030,Panda_Hat,20,0,0,3,0,0,0,0,0,0,0,0,40,0,0,0,0,0,0,0,0
5031,Mine_Hat,20,0,0,4,0,0,0,0,0,0,2,0,55,0,0,0,0,0,0,0,0
5032,Sunday_Hat,20,0,0,1,0,0,0,0,0,0,0,0,0,0,0,0,0,0,0,0,0
5033,Raccon_Hat,20,0,0,3,0,0,0,0,0,0,0,0,50,0,0,0,0,0,0,0,0
5034,Bulb_Band,20,0,0,0,0,0,0,0,0,0,0,0,0,0,0,0,0,0,0,0,0
5035,Poring_Hat,20,0,0,2,0,0,0,0,0,0,0,0,38,0,0,0,0,0,0,0,0
5036,Cross_Hat,20,0,0,1,0,0,0,0,0,0,0,0,10,0,0,0,0,0,0,0,0
5037,Nut_Shell,20,0,0,4,0,0,0,0,0,0,0,0,5,0,0,0,0,0,0,0,0
5038,Hat_of_Petite_Diablo,20,0,0,2,0,0,1,0,0,1,0,0,64,0,0,0,0,0,0,0,0
5039,Ranbow_Eggshell,20,0,0,4,0,0,0,0,0,0,0,0,19,0,0,0,0,0,0,0,0
5040,Blush,20,0,0,0,0,0,0,0,0,0,0,0,0,0,0,0,0,0,0,0,0
5041,Heart_Hairpin,20,0,0,0,0,0,0,0,0,0,0,0,0,0,0,0,0,0,0,0,0
5042,Hair_protector,20,0,0,0,0,0,0,0,0,0,0,0,14,0,0,0,0,0,0,0,0
5043,Phantom_of_Opera,20,0,0,1,0,0,0,0,0,0,0,0,20,0,0,0,0,0,0,0,0
5044,Wing_of_Diablo,20,0,0,2,0,0,0,0,1,0,0,0,45,0,0,0,0,0,0,0,0
5045,Magician_Hat,20,0,0,3,0,0,0,0,0,0,1,0,50,0,0,0,0,0,0,0,0
5046,Bongun_Hat,20,0,0,5,0,0,0,0,0,0,0,0,0,0,0,0,0,0,0,0,0
5047,Fashionable_Glasses,20,0,0,0,0,0,0,0,0,0,0,0,0,0,0,0,0,0,0,0,0
5048,Cresent_Hairpin,20,0,0,0,0,0,0,0,0,0,0,0,0,0,0,0,0,0,0,0,0
5049,Stripe_Hairband,20,0,0,1,0,0,0,0,0,0,0,0,0,0,0,0,0,0,0,0,0
5050,Wonder_Nutshell,20,0,0,5,0,0,0,0,0,0,0,0,30,0,0,0,0,0,0,0,0
5051,Bell_of_Pussycat,20,0,0,0,0,0,0,0,0,0,0,0,0,0,0,0,0,0,0,0,0
5052,Blue_Hairband,20,0,0,1,0,0,0,0,0,0,0,0,0,0,0,0,0,0,0,0,0
5053,Sphinx_Hat,20,0,0,5,0,0,2,0,0,0,0,0,65,0,0,0,0,0,0,0,0
5054,Assassin_Mask,20,0,0,0,0,0,0,0,0,0,0,0,70,0,0,0,0,0,0,0,0
7001,Mould_Powder,466,0,0,0,0,0,0,0,0,0,0,0,0,0,0,0,0,0,0,0,0
7002,Ogre_Tooth,658,0,0,0,0,0,0,0,0,0,0,0,0,0,0,0,0,0,0,0,0
7003,Anolian_Skin,968,0,0,0,0,0,0,0,0,0,0,0,0,0,0,0,0,0,0,0,0
7004,Mud_Lump,876,0,0,0,0,0,0,0,0,0,0,0,0,0,0,0,0,0,0,0,0
7005,Skull,1044,0,0,0,0,0,0,0,0,0,0,0,0,0,0,0,0,0,0,0,0
7006,Wing_of_Red_Bat,168,0,0,0,0,0,0,0,0,0,0,0,0,0,0,0,0,0,0,0,0
7007,Claw_of_Rat,748,0,0,0,0,0,0,0,0,0,0,0,0,0,0,0,0,0,0,0,0
7008,Stiff_Horn,636,0,0,0,0,0,0,0,0,0,0,0,0,0,0,0,0,0,0,0,0
7009,Glitter_Shell,528,0,0,0,0,0,0,0,0,0,0,0,0,0,0,0,0,0,0,0,0
7010,Tail_of_Steel_Scorpion,548,0,0,0,0,0,0,0,0,0,0,0,0,0,0,0,0,0,0,0,0
7011,Claw_of_Monkey,466,0,0,0,0,0,0,0,0,0,0,0,0,0,0,0,0,0,0,0,0
7012,Tough_Scalelike_Stem,412,0,0,0,0,0,0,0,0,0,0,0,0,0,0,0,0,0,0,0,0
7013,Coral_Reef,772,0,0,0,0,0,0,0,0,0,0,0,0,0,0,0,0,0,0,0,0
7014,Old_Portrait,1500,0,0,0,0,0,0,0,0,0,0,0,0,0,0,0,0,0,0,0,0
7015,Bookclip_in_Memory,3000,0,0,0,0,0,0,0,0,0,0,0,0,0,0,0,0,0,0,0,0
7016,Spoon_Stub,2500,0,0,0,0,0,0,0,0,0,0,0,0,0,0,0,0,0,0,0,0
7017,Executioners_Mitten,4500,0,0,0,0,0,0,0,0,0,0,0,0,0,0,0,0,0,0,0,0
7018,Young_Twig,50,0,0,0,0,0,0,0,0,0,0,0,0,0,0,0,0,0,0,0,0
7019,Lokis_Whispers,20,0,0,0,0,0,0,0,0,0,0,0,0,0,0,0,0,0,0,0,0
7020,Mothers_Nightmare,20,0,0,0,0,0,0,0,0,0,0,0,0,0,0,0,0,0,0,0,0
7021,Foolishness_of_the_Blind,20,0,0,0,0,0,0,0,0,0,0,0,0,0,0,0,0,0,0,0,0
7022,Old_Hilt,150,0,0,0,0,0,0,0,0,0,0,0,0,0,0,0,0,0,0,0,0
7023,Blade_Lost_in_Darkness,12000,0,0,0,0,0,0,0,0,0,0,0,0,0,0,0,0,0,0,0,0
7024,Bloody_Edge,10000,0,0,0,0,0,0,0,0,0,0,0,0,0,0,0,0,0,0,0,0
7025,Lucifers_Lament,30000,0,0,0,0,0,0,0,0,0,0,0,0,0,0,0,0,0,0,0,0
7026,Key_of_Clock_Tower,100,0,0,0,0,0,0,0,0,0,0,0,0,0,0,0,0,0,0,0,0
7027,Key_of_Underground,100,0,0,0,0,0,0,0,0,0,0,0,0,0,0,0,0,0,0,0,0
7028,Duel_Invitation,0,0,0,0,0,0,0,0,0,0,0,0,0,0,0,0,0,0,0,0,0
7029,Duel_Pass,0,0,0,0,0,0,0,0,0,0,0,0,0,0,0,0,0,0,0,0,0
7030,Claw_of_Desert_Wolf,208,0,0,0,0,0,0,0,0,0,0,0,0,0,0,0,0,0,0,0,0
7031,Old_Fry_Pan,196,0,0,0,0,0,0,0,0,0,0,0,0,0,0,0,0,0,0,0,0
7032,Piece_of_Egg_Shell,168,0,0,0,0,0,0,0,0,0,0,0,0,0,0,0,0,0,0,0,0
7033,Poison_Spore,114,0,0,0,0,0,0,0,0,0,0,0,0,0,0,0,0,0,0,0,0
7034,Red_Socks_with_Holes,100,0,0,0,0,0,0,0,0,0,0,0,0,0,0,0,0,0,0,0,0
7035,Matchstick,100,0,0,0,0,0,0,0,0,0,0,0,0,0,0,0,0,0,0,0,0
7036,Fang_of_Garm,100,0,0,0,0,0,0,0,0,0,0,0,0,0,0,0,0,0,0,0,0
7037,Coupon,100,0,0,0,0,0,0,0,0,0,0,0,0,0,0,0,0,0,0,0,0
7038,Yarn,100,0,0,0,0,0,0,0,0,0,0,0,0,0,0,0,0,0,0,0,0
7039,Newbie_Badge,0,0,0,0,0,0,0,0,0,0,0,0,0,0,0,0,0,0,0,0,0
7040,Megaphone,1,0,0,0,0,0,0,0,0,0,0,0,0,0,0,0,0,0,0,0,0
7041,Fine_Grit,120,0,0,0,0,0,0,0,0,0,0,0,0,0,0,0,0,0,0,0,0
7042,Leather_Bag_of_Infinity,1,0,0,0,0,0,0,0,0,0,0,0,0,0,0,0,0,0,0,0,0
7043,Fine_Sand,100,0,0,0,0,0,0,0,0,0,0,0,0,0,0,0,0,0,0,0,0
7044,Vigorgra,1,0,0,0,0,0,0,0,0,0,0,0,0,0,0,0,0,0,0,0,0
7045,Magic_Paint,1,0,0,0,0,0,0,0,0,0,0,0,0,0,0,0,0,0,0,0,0
7046,Cart_Parts,1,0,0,0,0,0,0,0,0,0,0,0,0,0,0,0,0,0,0,0,0
7047,Alices_Apron,2424,0,0,0,0,0,0,0,0,0,0,0,0,0,0,0,0,0,0,0,0
7048,Talon_of_Griffon,5418,0,0,0,0,0,0,0,0,0,0,0,0,0,0,0,0,0,0,0,0
7049,Stone,0,0,0,0,0,0,0,0,0,0,0,0,0,0,0,0,0,0,0,0,0
7050,Cotton_Mat,100,0,0,0,0,0,0,0,0,0,0,0,0,0,0,0,0,0,0,0,0
7051,Silk_Mat,100,0,0,0,0,0,0,0,0,0,0,0,0,0,0,0,0,0,0,0,0
7052,Wasted_Magazine,100,0,0,0,0,0,0,0,0,0,0,0,0,0,0,0,0,0,0,0,0
7053,Cyfar,772,0,0,0,0,0,0,0,0,0,0,0,0,0,0,0,0,0,0,0,0
7054,Brigan,746,0,0,0,0,0,0,0,0,0,0,0,0,0,0,0,0,0,0,0,0
7055,Animal_Poop,100,0,0,0,0,0,0,0,0,0,0,0,0,0,0,0,0,0,0,0,0
7056,Payroll_Of_Kafra,1,0,0,0,0,0,0,0,0,0,0,0,0,0,0,0,0,0,0,0,0
7057,Gjallar,1,0,0,0,0,0,0,0,0,0,0,0,0,0,0,0,0,0,0,0,0
7058,Gleipnir,1,0,0,0,0,0,0,0,0,0,0,0,0,0,0,0,0,0,0,0,0
7059,Free_Ticket_Kafra_Storage,1,0,0,0,0,0,0,0,0,0,0,0,0,0,0,0,0,0,0,0,0
7060,Free_Ticket_Kafra_Transportation,1,0,0,0,0,0,0,0,0,0,0,0,0,0,0,0,0,0,0,0,0
7061,Free_Ticket_Kafra_Rent_Cart,1,0,0,0,0,0,0,0,0,0,0,0,0,0,0,0,0,0,0,0,0
7062,Turtle_Shell,0,0,0,0,0,0,0,0,0,0,0,0,0,0,0,0,0,0,0,0,0
7063,Soft_Feather,280,0,0,0,0,0,0,0,0,0,0,0,0,0,0,0,0,0,0,0,0
7064,Wing_of_Dragonfly,520,0,0,0,0,0,0,0,0,0,0,0,0,0,0,0,0,0,0,0,0
7065,Sea-otter_Fur,820,0,0,0,0,0,0,0,0,0,0,0,0,0,0,0,0,0,0,0,0
7066,Ice_Cubic,660,0,0,0,0,0,0,0,0,0,0,0,0,0,0,0,0,0,0,0,0
7067,Stone_Fragment,640,0,0,0,0,0,0,0,0,0,0,0,0,0,0,0,0,0,0,0,0
7068,Burnt_Tree,722,0,0,0,0,0,0,0,0,0,0,0,0,0,0,0,0,0,0,0,0
7069,Destroyed_Armor,1042,0,0,0,0,0,0,0,0,0,0,0,0,0,0,0,0,0,0,0,0
7070,Broken_Shell,900,0,0,0,0,0,0,0,0,0,0,0,0,0,0,0,0,0,0,0,0
7071,Tattered_Clothes,1280,0,0,0,0,0,0,0,0,0,0,0,0,0,0,0,0,0,0,0,0
7072,Old_Shuriken,1780,0,0,0,0,0,0,0,0,0,0,0,0,0,0,0,0,0,0,0,0
7073,Freyjas_Jewel,1,0,0,0,0,0,0,0,0,0,0,0,0,0,0,0,0,0,0,0,0
7074,Thors_Guntlet,1,0,0,0,0,0,0,0,0,0,0,0,0,0,0,0,0,0,0,0,0
7075,Iron_Maiden,1,0,0,0,0,0,0,0,0,0,0,0,0,0,0,0,0,0,0,0,0
7076,Wheel_of_the_Unknown,1,0,0,0,0,0,0,0,0,0,0,0,0,0,0,0,0,0,0,0,0
7077,Silver_Ornament,1,0,0,0,0,0,0,0,0,0,0,0,0,0,0,0,0,0,0,0,0
7078,Wrath_of_Valkyrie,1,0,0,0,0,0,0,0,0,0,0,0,0,0,0,0,0,0,0,0,0
7079,Feather_of_Angel_Wing,1,0,0,0,0,0,0,0,0,0,0,0,0,0,0,0,0,0,0,0,0
7080,Tread_of_Cat,1,0,0,0,0,0,0,0,0,0,0,0,0,0,0,0,0,0,0,0,0
7081,Beard_of_Woman,1,0,0,0,0,0,0,0,0,0,0,0,0,0,0,0,0,0,0,0,0
7082,Root_of_Stone,1,0,0,0,0,0,0,0,0,0,0,0,0,0,0,0,0,0,0,0,0
7083,Spirit_of_Fish,1,0,0,0,0,0,0,0,0,0,0,0,0,0,0,0,0,0,0,0,0
7084,Sputum_of_Bird,1,0,0,0,0,0,0,0,0,0,0,0,0,0,0,0,0,0,0,0,0
7085,Sinew_of_Bear,1,0,0,0,0,0,0,0,0,0,0,0,0,0,0,0,0,0,0,0,0
7086,Amblem_of_the_Sun_God,1,0,0,0,0,0,0,0,0,0,0,0,0,0,0,0,0,0,0,0,0
7087,Breath_of_Spirit,1,0,0,0,0,0,0,0,0,0,0,0,0,0,0,0,0,0,0,0,0
7088,Snow_Crystal,1,0,0,0,0,0,0,0,0,0,0,0,0,0,0,0,0,0,0,0,0
7089,Omen_of_Tempest,1,0,0,0,0,0,0,0,0,0,0,0,0,0,0,0,0,0,0,0,0
7090,Ripple,1,0,0,0,0,0,0,0,0,0,0,0,0,0,0,0,0,0,0,0,0
7091,Billow,1,0,0,0,0,0,0,0,0,0,0,0,0,0,0,0,0,0,0,0,0
7092,Drifting_Air,1,0,0,0,0,0,0,0,0,0,0,0,0,0,0,0,0,0,0,0,0
7093,Gear_Wheel,1512,0,0,0,0,0,0,0,0,0,0,0,0,0,0,0,0,0,0,0,0
7094,Part_of_Unknown,1344,0,0,0,0,0,0,0,0,0,0,0,0,0,0,0,0,0,0,0,0
7095,Part_of_Broken_Metal,1075,0,0,0,0,0,0,0,0,0,0,0,0,0,0,0,0,0,0,0,0
7096,Hardened_Lava,1109,0,0,0,0,0,0,0,0,0,0,0,0,0,0,0,0,0,0,0,0
7097,Burning_Heart,924,0,0,0,0,0,0,0,0,0,0,0,0,0,0,0,0,0,0,0,0
7098,Seed_of_Fire,638,0,0,0,0,0,0,0,0,0,0,0,0,0,0,0,0,0,0,0,0
7099,Old_Magic_Circle,773,0,0,0,0,0,0,0,0,0,0,0,0,0,0,0,0,0,0,0,0
7100,Sharpened_Leaf,806,0,0,0,0,0,0,0,0,0,0,0,0,0,0,0,0,0,0,0,0
7101,Pecos_Feather,454,0,0,0,0,0,0,0,0,0,0,0,0,0,0,0,0,0,0,0,0
7102,Nightmare,1075,0,0,0,0,0,0,0,0,0,0,0,0,0,0,0,0,0,0,0,0
7103,Unknown_Bottle,10,0,0,0,0,0,0,0,0,0,0,0,0,0,0,0,0,0,0,0,0
7104,Fake_Angels_Wing,756,0,0,0,0,0,0,0,0,0,0,0,0,0,0,0,0,0,0,0,0
7105,Fake_Souls_Band,924,0,0,0,0,0,0,0,0,0,0,0,0,0,0,0,0,0,0,0,0
7106,Horn_of_Goat,672,0,0,0,0,0,0,0,0,0,0,0,0,0,0,0,0,0,0,0,0
7107,Fur_of_Goat,756,0,0,0,0,0,0,0,0,0,0,0,0,0,0,0,0,0,0,0,0
7108,Parts_of_Broken_Shield,1680,0,0,0,0,0,0,0,0,0,0,0,0,0,0,0,0,0,0,0,0
7109,Shinning_Tip_of_Spear,840,0,0,0,0,0,0,0,0,0,0,0,0,0,0,0,0,0,0,0,0
7110,Broken_Sword,588,0,0,0,0,0,0,0,0,0,0,0,0,0,0,0,0,0,0,0,0
7111,Glossy_Paper,706,0,0,0,0,0,0,0,0,0,0,0,0,0,0,0,0,0,0,0,0
7112,Horrific_Paper_Blade,907,0,0,0,0,0,0,0,0,0,0,0,0,0,0,0,0,0,0,0,0
7113,BrokenSymbol_of_Pharaoh,2016,0,0,0,0,0,0,0,0,0,0,0,0,0,0,0,0,0,0,0,0
7114,Mask_of_Tutankhamen,10,0,0,0,0,0,0,0,0,0,0,0,0,0,0,0,0,0,0,0,0
7115,Harpys_Feather,1142,0,0,0,0,0,0,0,0,0,0,0,0,0,0,0,0,0,0,0,0
7116,Harpys_Talon,1210,0,0,0,0,0,0,0,0,0,0,0,0,0,0,0,0,0,0,0,0
7117,Torn_Spell_Book,1142,0,0,0,0,0,0,0,0,0,0,0,0,0,0,0,0,0,0,0,0
7118,Torn_Scroll,1361,0,0,0,0,0,0,0,0,0,0,0,0,0,0,0,0,0,0,0,0
7119,Bacillus,1025,0,0,0,0,0,0,0,0,0,0,0,0,0,0,0,0,0,0,0,0
7120,Burning_Horseshoe,823,0,0,0,0,0,0,0,0,0,0,0,0,0,0,0,0,0,0,0,0
7121,Honey_Pot,622,0,0,0,0,0,0,0,0,0,0,0,0,0,0,0,0,0,0,0,0
7122,Hot_Feather,974,0,0,0,0,0,0,0,0,0,0,0,0,0,0,0,0,0,0,0,0
7123,Dragons_Skin,1025,0,0,0,0,0,0,0,0,0,0,0,0,0,0,0,0,0,0,0,0
7124,Mass_of_Sand,706,0,0,0,0,0,0,0,0,0,0,0,0,0,0,0,0,0,0,0,0
7125,Scorpions_Forceps,706,0,0,0,0,0,0,0,0,0,0,0,0,0,0,0,0,0,0,0,0
7126,Large_Jellopy,840,0,0,0,0,0,0,0,0,0,0,0,0,0,0,0,0,0,0,0,0
7127,Alcohol_Making_Book,100000,0,0,0,0,0,0,0,0,0,0,0,0,0,0,0,0,0,0,0,0
7128,FireBottle_Making_Book,100000,0,0,0,0,0,0,0,0,0,0,0,0,0,0,0,0,0,0,0,0
7129,AcidBottle_Making_Book,100000,0,0,0,0,0,0,0,0,0,0,0,0,0,0,0,0,0,0,0,0
7130,PlantBottle_Making_Book,100000,0,0,0,0,0,0,0,0,0,0,0,0,0,0,0,0,0,0,0,0
7131,MineBottle_Making_Book,100000,0,0,0,0,0,0,0,0,0,0,0,0,0,0,0,0,0,0,0,0
7132,CoatingBottle_Making_Book,100000,0,0,0,0,0,0,0,0,0,0,0,0,0,0,0,0,0,0,0,0
7133,SlimPotion_Making_Book,240000,0,0,0,0,0,0,0,0,0,0,0,0,0,0,0,0,0,0,0,0
7134,Medicine_Bowl,8,0,0,0,0,0,0,0,0,0,0,0,0,0,0,0,0,0,0,0,0
7135,Fire_Bottle,200,0,0,0,0,0,0,0,0,0,0,0,0,0,0,0,0,0,0,0,0
7136,Acid_Bottle,200,0,0,0,0,0,0,0,0,0,0,0,0,0,0,0,0,0,0,0,0
7137,Man_eating_Plant_Bottle,200,0,0,0,0,0,0,0,0,0,0,0,0,0,0,0,0,0,0,0,0
7138,Mine_Bottle,200,0,0,0,0,0,0,0,0,0,0,0,0,0,0,0,0,0,0,0,0
7139,Coating_Drug,200,0,0,0,0,0,0,0,0,0,0,0,0,0,0,0,0,0,0,0,0
7140,Seed_of_Life,10,0,0,0,0,0,0,0,0,0,0,0,0,0,0,0,0,0,0,0,0
7141,Dew_of_Yggdrasil,10,0,0,0,0,0,0,0,0,0,0,0,0,0,0,0,0,0,0,0,0
7142,Embryo,10,0,0,0,0,0,0,0,0,0,0,0,0,0,0,0,0,0,0,0,0
7143,Glass_Tube,80000,0,0,0,0,0,0,0,0,0,0,0,0,0,0,0,0,0,0,0,0
7144,Potion_Making_Book,100000,0,0,0,0,0,0,0,0,0,0,0,0,0,0,0,0,0,0,0,0
7145,Ragnarok_T-shirt,1,0,0,0,0,0,0,0,0,0,0,0,0,0,0,0,0,0,0,0,0
9001,Poring_Egg,0,0,0,0,0,0,0,0,0,0,0,0,0,0,0,0,0,0,0,0,0
9002,Drops_Egg,0,0,0,0,0,0,0,0,0,0,0,0,0,0,0,0,0,0,0,0,0
9003,Poporing_Egg,0,0,0,0,0,0,0,0,0,0,0,0,0,0,0,0,0,0,0,0,0
9004,Lunatic_Egg,0,0,0,0,0,0,0,0,0,0,0,0,0,0,0,0,0,0,0,0,0
9005,Picky_Egg,0,0,0,0,0,0,0,0,0,0,0,0,0,0,0,0,0,0,0,0,0
9006,Chonchon_Egg,0,0,0,0,0,0,0,0,0,0,0,0,0,0,0,0,0,0,0,0,0
9007,Steel_Chonchon_Egg,0,0,0,0,0,0,0,0,0,0,0,0,0,0,0,0,0,0,0,0,0
9008,Hunter_Fly_Egg,0,0,0,0,0,0,0,0,0,0,0,0,0,0,0,0,0,0,0,0,0
9009,Savage_Bebe_Egg,0,0,0,0,0,0,0,0,0,0,0,0,0,0,0,0,0,0,0,0,0
9010,Baby_Desert_Wolf_Egg,0,0,0,0,0,0,0,0,0,0,0,0,0,0,0,0,0,0,0,0,0
9011,Rocker_Egg,0,0,0,0,0,0,0,0,0,0,0,0,0,0,0,0,0,0,0,0,0
9012,Spore_Egg,0,0,0,0,0,0,0,0,0,0,0,0,0,0,0,0,0,0,0,0,0
9013,Poison_Spore_Egg,0,0,0,0,0,0,0,0,0,0,0,0,0,0,0,0,0,0,0,0,0
9014,PecoPeco_Egg,0,0,0,0,0,0,0,0,0,0,0,0,0,0,0,0,0,0,0,0,0
9015,Smokie_Egg,0,0,0,0,0,0,0,0,0,0,0,0,0,0,0,0,0,0,0,0,0
9016,Yoyo_Egg,0,0,0,0,0,0,0,0,0,0,0,0,0,0,0,0,0,0,0,0,0
9017,Orc_Warrior_Egg,0,0,0,0,0,0,0,0,0,0,0,0,0,0,0,0,0,0,0,0,0
9018,Munak_Egg,0,0,0,0,0,0,0,0,0,0,0,0,0,0,0,0,0,0,0,0,0
9019,Dokkaebi_Egg,0,0,0,0,0,0,0,0,0,0,0,0,0,0,0,0,0,0,0,0,0
9020,Sohee_Egg,0,0,0,0,0,0,0,0,0,0,0,0,0,0,0,0,0,0,0,0,0
9021,Isis_Egg,0,0,0,0,0,0,0,0,0,0,0,0,0,0,0,0,0,0,0,0,0
9022,Green_Petite_Egg,0,0,0,0,0,0,0,0,0,0,0,0,0,0,0,0,0,0,0,0,0
9023,Deviruchi_Egg,0,0,0,0,0,0,0,0,0,0,0,0,0,0,0,0,0,0,0,0,0
9024,Bapho_Jr_Egg,0,0,0,0,0,0,0,0,0,0,0,0,0,0,0,0,0,0,0,0,0
9025,Bongun_Egg,0,0,0,0,0,0,0,0,0,0,0,0,0,0,0,0,0,0,0,0,0
10001,Skull_Helm,20,0,0,0,0,0,0,0,0,0,0,0,0,0,0,0,0,0,0,0,0
10002,Monster_Oxygen_Mask,20,0,0,0,0,0,0,0,0,0,0,0,0,0,0,0,0,0,0,0,0
10003,Transparent_Head_Protector,20,0,0,0,0,0,0,0,0,0,0,0,0,0,0,0,0,0,0,0,0
10004,Pacifier,20,0,0,0,0,0,0,0,0,0,0,0,0,0,0,0,0,0,0,0,0
10005,Wig,20,0,0,0,0,0,0,0,0,0,0,0,0,0,0,0,0,0,0,0,0
10006,Queens_Hair_Ornament,20,0,0,0,0,0,0,0,0,0,0,0,0,0,0,0,0,0,0,0,0
10007,Silk_Ribbon,20,0,0,0,0,0,0,0,0,0,0,0,0,0,0,0,0,0,0,0,0
10008,Punisher,20,0,0,0,0,0,0,0,0,0,0,0,0,0,0,0,0,0,0,0,0
10009,Wild_Flower,20,0,0,0,0,0,0,0,0,0,0,0,0,0,0,0,0,0,0,0,0
10010,Battered_Pot,20,0,0,0,0,0,0,0,0,0,0,0,0,0,0,0,0,0,0,0,0
10011,Stellar_Hairpin,20,0,0,0,0,0,0,0,0,0,0,0,0,0,0,0,0,0,0,0,0
10012,Tiny_Egg_Shell,20,0,0,0,0,0,0,0,0,0,0,0,0,0,0,0,0,0,0,0,0
10013,Backpack,1500,0,0,0,0,0,0,0,0,0,0,0,0,0,0,0,0,0,0,0,0
10014,Rocker_Glasses,2000,0,0,0,0,0,0,0,0,0,0,0,0,0,0,0,0,0,0,0,0
10015,Green_Lace,20,0,0,0,0,0,0,0,0,0,0,0,0,0,0,0,0,0,0,0,0
10016,Golden_Bell,20,0,0,0,0,0,0,0,0,0,0,0,0,0,0,0,0,0,0,0,0
10017,Bark_Shorts,20,0,0,0,0,0,0,0,0,0,0,0,0,0,0,0,0,0,0,0,0
10018,Monkey_Circlet,0,0,0,0,0,0,0,0,0,0,0,0,0,0,0,0,0,0,0,0,0
10019,Red_Muffler,0,0,0,0,0,0,0,0,0,0,0,0,0,0,0,0,0,0,0,0,0