ID,MobShortName,Lv,HP,bEXP,jEXP,Range,ATK,DEF,MDEF,HIT,FLEE,Drop1,Rate1,Drop2,Rate2,Drop3,Rate3,Drop4,Rate4,Drop5,Rate5,Drop6,Rate6,Drop7,Rate7,Drop8,Rate8,BossItem1,BossRate1,BossItem2,BossRate2,BossItem3,BossRate3
1002,PORING,1,50,2,1,1,7,0,5,7,2,909,7000,1202,100,938,400,512,1000,713,1500,7145,50,619,20,4001,20,0,0,0,0,0,0
1078,RED_PLANT,1,10,0,0,0,1,100,99,2,2,507,5500,712,1000,711,1000,905,500,906,300,914,500,708,50,2269,2,0,0,0,0,0,0
1079,BLUE_PLANT,1,10,0,0,0,1,100,99,2,2,510,5500,712,1000,711,1000,905,500,906,300,522,50,514,1000,2270,2,0,0,0,0,0,0
1080,GREEN_PLANT,1,10,0,0,0,1,100,99,2,2,511,7000,712,1000,621,20,905,3000,906,1500,704,50,521,50,2270,2,0,0,0,0,0,0
1081,YELLOW_PLANT,1,10,0,0,0,1,100,99,2,2,508,5500,712,1000,711,1000,905,500,906,300,707,5,914,500,2269,2,0,0,0,0,0,0
1082,WHITE_PLANT,1,10,0,0,0,1,100,99,2,2,509,5500,712,1000,631,20,905,3000,906,1500,521,50,703,50,2269,2,0,0,0,0,0,0
1083,SHINING_PLANT,1,20,0,0,0,1,100,99,2,2,510,5500,508,1000,509,1000,710,5,608,20,518,500,607,50,714,1,0,0,0,0,0,0
1084,BLACK_MUSHROOM,1,15,0,0,0,1,100,99,2,2,970,50,971,50,630,20,949,2000,991,800,921,5500,921,5500,921,5500,0,0,0,0,0,0
1085,RED_MUSHROOM,1,15,0,0,0,1,100,99,2,2,970,50,972,50,630,20,949,2000,990,1000,921,5500,1069,5500,1070,5500,0,0,0,0,0,0
1181,ZOMBIE_DRAGON,1,1000,49500,1650,3,7900,0,0,131,146,0,0,0,0,0,0,0,0,0,0,0,0,0,0,0,0,0,0,0,0,0,0
1182,THIEF_MUSHROOM,1,15,0,0,0,1,100,99,2,2,1069,1500,1070,3000,512,0,512,0,512,0,512,0,512,0,512,0,0,0,0,0,0,0
1184,FABRE_,1,30,1,0,1,4,0,0,5,3,914,2000,949,250,1502,80,721,2,511,350,705,500,1501,200,4002,0,0,0,0,0,0,0
1007,FABRE,2,63,3,2,1,8,0,0,9,4,914,6500,949,500,1502,80,721,5,511,700,705,1000,1501,200,4002,15,0,0,0,0,0,0
1008,PUPA,2,427,2,4,0,1,20,20,3,3,1010,80,915,5500,938,600,2102,2,935,1000,938,600,1002,200,4003,7,0,0,0,0,0,0
1090,MASTERING,2,2415,30,10,1,18,0,10,19,4,2257,200,619,50,722,1000,7145,100,512,8000,512,8000,531,4000,4001,100,0,0,0,0,0,0
1047,PECOPECO_EGG,3,420,4,4,0,1,20,20,4,4,1010,250,935,1500,2102,2,501,400,501,400,713,1800,736,10,4007,2,0,0,0,0,0,0
1049,PICKY,3,80,4,3,1,9,0,0,13,6,916,6500,949,700,2302,150,507,550,519,300,715,50,512,0,4008,10,0,0,0,0,0,0
1062,PORING_,3,69,4,5,1,12,0,0,15,17,529,2000,530,1000,507,1000,512,1000,2236,100,7145,50,512,0,4005,1,0,0,0,0,0,0
1063,LUNATIC,3,60,6,2,1,9,0,20,11,6,705,6500,949,1000,2262,4,1102,100,512,600,515,1100,622,20,4006,15,0,0,0,0,0,0
1075,TURTLE,3,77,0,0,0,1,0,0,4,4,512,0,512,0,512,0,512,0,512,0,512,0,512,0,512,0,0,0,0,0,0,0
1113,DROPS,3,55,4,3,1,10,0,0,15,6,909,7500,1602,80,938,500,512,1100,713,1700,7145,50,620,20,4004,10,0,0,0,0,0,0
1010,WILOW,4,95,5,4,1,9,5,15,13,8,902,6500,1019,100,907,1500,516,700,1068,3500,1067,2000,1066,1000,4010,7,0,0,0,0,0,0
1011,CHONCHON,4,67,5,4,1,10,10,0,16,14,998,50,935,6500,909,1500,1205,55,601,100,742,5,1002,150,4009,5,0,0,0,0,0,0
1048,THIEF_BUG_EGG,4,48,8,4,0,1,20,0,18,10,1010,300,915,5000,2102,2,938,600,716,100,737,10,1002,250,4012,7,0,0,0,0,0,0
1050,PICKY_,4,83,5,4,1,8,20,0,15,7,916,6500,949,700,5015,10,507,600,519,300,715,50,10012,10,4011,10,0,0,0,0,0,0
1097,ANT_EGG,4,420,5,4,0,1,20,20,5,5,1010,320,935,2500,909,2000,938,650,713,2000,1002,200,512,0,4018,2,0,0,0,0,0,0
1183,CHONCHON_,4,67,5,4,1,10,10,0,16,14,998,50,935,5500,909,1500,1205,55,601,100,742,5,512,0,4009,5,0,0,0,0,0,0
1009,CONDOR,5,92,6,5,1,11,0,0,18,18,917,6500,1702,150,715,80,1750,5500,517,400,916,2000,512,0,4015,2,0,0,0,0,0,0
1012,RODA_FROG,5,133,6,5,1,11,0,5,15,10,918,5500,908,500,511,300,721,7,713,2000,512,0,512,0,4014,5,0,0,0,0,0,0
1051,THIEF_BUG,6,126,17,5,1,18,5,0,17,12,955,2500,2304,80,507,350,909,2000,2303,120,1002,250,512,0,4016,10,0,0,0,0,0,0
1093,ECLIPSE,6,1800,60,55,1,20,0,40,17,42,2250,200,515,8000,727,1200,746,1500,706,30,622,50,534,5000,4006,70,0,0,0,0,0,0
1167,SAVAGE_BABE,7,182,14,12,1,20,0,0,19,14,919,5500,1302,100,517,500,1750,1000,949,850,1010,80,627,20,4017,1,0,0,0,0,0,0
1004,HORNET,8,169,19,15,1,22,5,5,25,28,993,50,939,5500,909,3500,1208,15,511,350,518,100,512,0,4019,10,0,0,0,0,0,0
1005,FARMILIAR,8,155,28,15,1,20,0,0,36,20,913,5500,1105,20,2209,15,601,50,514,100,507,700,645,50,4020,1,0,0,0,0,0,0
1091,DRAGON_FLY,8,2400,88,44,1,22,40,0,25,28,2245,200,501,8000,719,1500,742,2000,2607,200,625,50,533,3000,4009,40,0,0,0,0,0,0
1014,SPORE,9,327,22,17,1,24,0,5,23,18,921,5000,507,800,510,50,743,5,2220,40,921,5,512,0,4022,5,0,0,0,0,0,0
1052,ROCKER,9,198,20,16,1,24,5,10,23,18,940,5000,909,5500,2298,4,1402,80,520,10,752,5,703,2,4021,10,0,0,0,0,0,0
1107,DESERT_WOLF_B,9,164,20,16,1,30,0,0,30,18,1010,85,919,5500,2305,80,517,600,2301,200,512,0,512,0,4023,10,0,0,0,0,0,0
1053,THIEF_BUG_,10,170,35,18,1,33,5,5,33,25,955,3500,910,250,1108,15,928,200,507,400,716,50,1002,300,4026,7,0,0,0,0,0,0
1076,SKELETON,10,234,18,14,1,39,10,10,22,15,1010,90,932,800,1505,80,909,3000,507,850,2609,30,512,0,4025,7,0,0,0,0,0,0
1089,TOAD,10,5065,100,50,1,26,0,0,20,15,2244,50,518,2000,729,1000,746,1500,970,100,971,100,512,0,4014,5,0,0,0,0,0,0
1161,PLANKTON,10,354,23,18,1,26,0,5,25,20,1052,5500,910,300,938,700,970,2,713,1000,630,20,645,50,4024,1,0,0,0,0,0,0
1070,KUKRE,11,507,38,28,1,28,15,0,27,22,991,30,955,5500,910,400,528,500,507,650,928,450,623,20,4027,5,0,0,0,0,0,0
1175,TAROU,11,284,57,28,1,34,0,0,35,31,1016,5500,919,3000,949,800,528,1000,701,1,512,0,512,0,4028,5,0,0,0,0,0,0
1013,WOLF,12,405,45,32,1,37,0,0,42,24,1011,20,920,5500,2308,10,517,650,528,1050,919,5500,512,0,4029,5,0,0,0,0,0,0
1020,MANDRAGORA,12,405,45,32,4,26,0,25,48,24,992,50,905,5500,1405,30,511,350,711,300,706,1,512,0,4030,1,0,0,0,0,0,0
1019,PECOPECO,13,531,85,36,1,35,0,0,40,26,925,5500,2402,20,508,50,507,900,1604,100,512,0,512,0,4031,3,0,0,0,0,0,0
1094,AMBERNITE,13,495,57,38,1,39,30,0,31,26,991,35,946,5500,910,1200,935,3000,943,2,757,14,1002,150,4032,5,0,0,0,0,0,0
1024,WORM_TAIL,14,426,59,40,2,42,5,0,60,28,992,60,1011,25,906,5500,1408,30,508,70,721,5,10015,10,4034,5,0,0,0,0,0,0
1031,POPORING,14,344,81,44,1,59,0,10,33,28,938,5500,910,1500,511,500,514,200,729,5,1207,5,7145,50,4033,5,0,0,0,0,0,0
1068,HYDRA,14,660,59,40,7,22,0,40,54,28,1011,25,962,5500,938,1500,971,20,525,5,517,700,512,0,4035,1,0,0,0,0,0,0
1015,ZOMBIE,15,534,50,33,1,67,0,10,30,23,957,5500,724,5,938,1000,958,50,727,55,512,0,512,0,4038,1,0,0,0,0,0,0
1025,SNAKE,15,471,72,48,1,46,0,0,50,30,926,5500,1117,15,507,900,1011,35,937,800,954,1,512,0,4037,1,0,0,0,0,0,0
1055,MUKA,15,570,72,48,1,40,5,5,35,30,992,70,952,5500,713,2000,511,400,507,1000,1451,50,1002,250,4036,2,0,0,0,0,0,0
1074,SHELLFISH,15,920,66,44,1,35,35,0,47,27,965,5500,966,1000,7049,500,1056,1000,1001,10,512,0,757,18,512,0,0,0,0,0,0,0
1018,CREAMY,16,595,105,70,1,53,0,30,32,56,924,5500,2322,10,518,150,602,100,2207,2,712,500,512,0,4040,3,0,0,0,0,0,0
1174,STAINER,16,538,105,70,1,53,10,0,46,56,993,60,1011,30,1013,5500,910,2100,757,25,943,10,1002,300,4039,1,0,0,0,0,0,0
1042,STEEL_CHONCHON,17,530,109,71,1,54,15,0,50,60,993,70,999,30,910,2400,935,3500,943,30,998,200,1002,400,4042,1,0,0,0,0,0,0
1095,ANDRE,17,688,109,71,1,60,10,0,43,34,955,5500,910,1000,938,500,992,40,1001,4,1002,350,757,28,4043,1,0,0,0,0,0,0
1104,COCO,17,817,120,78,1,56,0,0,41,34,1026,5500,2502,20,914,3000,919,2500,516,500,2402,25,512,0,4041,1,0,0,0,0,0,0
1056,SMOKIE,18,641,134,86,1,61,0,10,44,36,945,5500,919,5500,516,800,2213,1,754,2,912,5,729,2,4044,1,0,0,0,0,0,0
1088,VOCAL,18,3016,110,88,1,71,10,30,71,46,2247,50,940,8000,721,1000,752,1500,912,5500,645,700,532,3000,4021,60,0,0,0,0,0,0
1120,GHOSTRING,18,73300,101,108,1,82,0,60,90,45,1059,5500,2274,100,2336,50,604,500,603,10,714,30,2335,150,4047,1,0,0,0,0,0,0
1128,HORN,18,659,134,86,1,58,10,0,65,36,992,80,1011,35,947,5500,1452,15,935,5500,943,70,512,0,4045,1,0,0,0,0,0,0
1145,MARTIN,18,1109,134,86,1,52,0,5,33,36,1017,6500,1018,500,1251,10,2225,5,5009,1,10010,10,2224,15,4046,2,0,0,0,0,0,0
1160,PIERE,18,733,122,78,1,64,15,0,45,36,955,5700,910,1100,938,600,993,15,1001,5,1002,400,757,31,4043,1,0,0,0,0,0,0
1054,THIEF_BUG__,19,583,223,93,1,76,15,5,55,48,1011,40,928,5500,955,1500,1152,10,508,90,729,5,1116,50,4050,1,0,0,0,0,0,0
1057,YOYO,19,879,148,93,1,71,0,0,51,43,942,5500,513,1500,508,100,919,5000,753,5,756,24,512,0,4051,1,0,0,0,0,0,0
1066,VADON,19,1017,135,85,1,74,20,0,55,38,991,35,960,5500,910,3000,2313,5,943,100,757,34,717,50,4049,1,0,0,0,0,0,0
1077,POISON_SPORE,19,665,186,93,1,89,0,0,43,38,921,5500,2221,20,511,550,510,50,972,30,921,1200,912,5,4048,2,0,0,0,0,0,0
1105,DENIRO,19,760,135,85,1,68,15,0,62,38,955,6000,910,3000,938,1200,990,45,1001,8,1002,450,757,34,4043,1,0,0,0,0,0,0
1033,ELDER_WILOW,20,693,163,101,1,58,10,30,58,40,990,50,907,5500,1019,350,757,37,2329,30,516,1000,604,100,4052,1,0,0,0,0,0,0
1073,CRAB,20,2451,163,101,1,71,35,0,56,40,964,5500,960,1500,7049,700,1001,13,512,0,512,0,757,37,512,0,0,0,0,0,0,0
1096,ANGELING,20,55000,163,144,1,120,0,70,88,70,2254,100,2324,60,610,500,2282,1,504,1000,7145,250,714,40,4054,1,0,0,0,0,0,0
1176,VITATA,20,894,163,101,1,69,15,20,60,40,992,90,955,5000,911,200,518,350,518,350,526,200,756,26,4053,1,0,0,0,0,0,0
1114,DUSTINESS,21,1044,218,140,1,80,0,10,59,74,1057,5500,1058,500,2291,4,928,2000,1001,10,507,1200,512,0,4056,2,0,0,0,0,0,0
1141,MARINA,21,2087,218,140,1,84,0,5,57,42,1052,5000,938,1500,991,45,995,2,717,200,631,20,512,0,4055,1,0,0,0,0,0,0
1034,THARA_FROG,22,2152,219,138,1,105,0,10,56,44,1011,45,908,5500,911,600,509,30,725,5,918,2000,512,0,4058,1,0,0,0,0,0,0
1058,METALLER,22,926,241,152,1,131,15,30,71,44,990,60,940,6500,911,400,757,49,707,20,935,3000,512,0,4057,1,0,0,0,0,0,0
1126,GOBLIN_5,22,1952,241,152,1,105,10,5,54,44,998,150,911,800,1605,15,2104,1,508,100,501,500,508,120,4060,1,0,0,0,0,0,0
1171,SOLDIER_ANDRE,22,1245,219,138,1,105,20,0,62,44,1014,2700,911,800,757,10,1111,15,1001,30,943,150,512,0,4059,1,0,0,0,0,0,0
1030,ANACONDAQ,23,1109,300,149,1,124,0,0,59,46,1011,50,937,5500,1455,10,926,1500,936,200,508,150,756,38,4062,1,0,0,0,0,0,0
1067,CORNUTUS,23,1620,240,149,1,109,30,0,59,46,991,45,961,5500,911,800,757,53,2106,5,943,1000,717,100,4061,3,0,0,0,0,0,0
1103,CARAMEL,23,1424,264,162,1,90,5,5,61,46,1027,5500,2310,5,919,5500,1455,10,1405,15,1408,20,512,0,4063,1,0,0,0,0,0,0
1125,GOBLIN_4,23,1359,264,164,1,109,10,5,59,46,992,100,998,170,911,800,2263,3,1508,10,2104,1,501,500,4060,1,0,0,0,0,0,0
1173,SOLDIER_PIERE,23,1217,240,149,1,109,25,0,61,46,1014,3100,911,800,911,10,1114,15,1001,35,943,200,512,0,4059,1,0,0,0,0,0,0
1178,ZEROM,23,1109,240,149,1,127,0,10,65,46,1011,55,998,190,2339,200,2265,3,2408,10,1002,300,1002,300,4064,1,0,0,0,0,0,0
1001,SCORPION,24,1109,287,176,1,80,30,0,76,48,990,70,904,5500,757,57,943,210,511,100,508,200,625,20,4068,1,0,0,0,0,0,0
1023,ORK_WARRIOR,24,1400,261,160,1,104,10,5,58,48,998,210,931,5500,756,40,2267,3,1352,10,1157,5,1301,100,4066,1,0,0,0,0,0,0
1064,MEGALODON,24,1648,215,132,1,155,0,15,50,36,959,5500,932,1500,510,80,717,120,719,10,603,2,624,20,4067,2,0,0,0,0,0,0
1092,VAGABOND_WOLF,24,12240,247,176,1,135,10,0,74,69,2248,200,920,8000,728,1500,919,5500,517,8000,725,10,626,50,4029,40,0,0,0,0,0,0
1111,DRAINLIAR,24,1162,431,176,1,74,0,0,102,60,1011,60,913,3000,725,20,507,1000,7006,5500,7006,1500,756,40,4069,1,0,0,0,0,0,0
1116,EGGYRA,24,633,215,220,1,85,20,25,56,60,911,1000,5015,20,7032,550,507,1000,643,300,645,250,757,57,4070,1,0,0,0,0,0,0
1123,GOBLIN_2,24,1034,287,176,1,88,10,5,90,48,998,250,911,1000,5010,3,1511,10,2104,1,501,550,508,120,4060,1,0,0,0,0,0,0
1124,GOBLIN_3,24,1034,357,176,1,132,10,5,48,48,998,230,911,1000,2275,3,512,0,2104,1,501,550,508,120,4060,1,0,0,0,0,0,0
1153,ORC_ZOMBIE,24,1568,196,120,1,151,5,10,48,36,1043,5500,938,3000,714,1,512,0,512,0,512,0,512,0,4071,2,0,0,0,0,0,0
1040,GOLEM,25,3900,465,94,1,175,40,0,40,40,999,150,953,5500,912,220,757,61,1003,120,715,200,998,350,4072,3,0,0,0,0,0,0
1060,BIGFOOT,25,1619,310,188,1,198,10,0,45,50,948,5500,2289,5,919,5000,740,80,516,1500,518,400,756,43,4074,1,0,0,0,0,0,0
1071,PIRATE_SKEL,25,1676,233,142,1,145,10,15,50,38,932,3000,2287,15,1125,25,2211,250,1104,250,756,43,628,20,4073,1,0,0,0,0,0,0
1100,ARGOS,25,1117,388,188,1,158,15,0,57,50,1025,5500,911,1200,1042,500,757,61,511,670,508,250,10017,15,4075,2,0,0,0,0,0,0
1122,GOBLIN_1,25,1176,310,188,1,118,10,5,63,78,998,270,911,1200,756,43,2297,3,1211,10,2104,5,501,800,4060,1,0,0,0,0,0,0
1118,FLORA,26,2092,357,226,3,242,10,35,69,52,1032,5500,2253,3,704,10,521,50,629,20,905,2000,748,1,4080,1,0,0,0,0,0,0
1127,HODE,26,2282,393,248,1,146,0,30,75,52,992,120,1055,5500,757,70,938,3000,1001,30,7021,1,632,20,4081,2,0,0,0,0,0,0
1138,MAGNOLIA,26,3195,393,248,1,120,5,30,65,52,7031,5500,910,800,911,100,912,10,737,20,508,250,512,0,4076,1,0,0,0,0,0,0
1139,MANTIS,26,2472,393,248,1,118,10,0,71,52,992,110,1031,5500,911,1400,757,70,943,250,721,10,501,650,4079,1,0,0,0,0,0,0
1158,PHEN,26,3347,357,226,1,138,0,15,114,52,1023,5500,963,2000,720,5,517,1000,951,500,756,25,512,0,4077,1,0,0,0,0,0,0
1166,SAVAGE,26,2092,357,226,1,120,10,5,63,52,1028,5500,656,150,702,2,2276,1,605,10,757,70,526,1,4078,1,0,0,0,0,0,0
1106,DESERT_WOLF,27,1716,427,266,1,169,0,10,83,54,1253,5,919,5500,2311,1,517,1200,920,2000,756,53,1217,140,4082,1,0,0,0,0,0,0
1162,RAFFLESIA,27,1950,388,242,1,15,54,1,28,28,1033,5500,911,1600,706,2,708,10,703,10,711,550,509,30,4083,1,0,0,0,0,0,0
1142,MARINE_SPHERE,28,3518,461,284,1,120,0,40,61,56,1051,5500,1050,500,1520,10,720,10,717,150,10003,10,512,0,4084,3,0,0,0,0,0,0
1152,ORC_SKELETON,28,2278,315,194,1,190,10,10,58,42,922,5500,932,3500,757,80,2299,2,1358,10,506,50,512,0,4085,1,0,0,0,0,0,0
1258,GOBLIN_ARCHER,28,1750,461,284,9,89,0,0,100,43,2297,3,998,250,911,1000,756,3000,501,600,1705,25,656,150,512,0,0,0,0,0,0,0
1028,SOLDIER_SKELETON,29,2334,372,226,1,221,10,15,69,44,932,5500,756,60,1214,12,501,700,934,10,1201,150,1216,50,4025,1,0,0,0,0,0,0
1121,GIEARTH,29,2252,495,301,1,154,10,50,93,58,997,30,1003,150,1040,5500,2286,1,2227,10,1001,100,512,0,4087,1,0,0,0,0,0,0
1172,SOLDIER_DENIRO,29,2047,450,274,1,162,20,0,83,58,1014,5500,911,2000,757,15,1111,20,943,270,1001,50,512,0,4059,1,0,0,0,0,0,0
1026,MUNAK,30,2872,361,218,1,180,0,0,76,45,901,5500,2264,1,2404,15,609,20,2337,1,2305,100,1558,5,4090,3,0,0,0,0,0,0
1069,SWORD_FISH,30,4299,529,319,1,168,5,20,92,60,995,10,963,5500,756,33,2257,2,757,45,1117,25,956,600,4089,1,0,0,0,0,0,0
1119,FRILLDORA,30,2023,529,319,1,200,0,10,83,60,1012,5500,757,90,903,1500,721,15,715,200,501,800,912,120,4088,1,0,0,0,0,0,0
1136,KOBOLD_4,30,3503,481,290,1,168,15,10,80,60,999,50,1034,5500,912,100,1355,5,2104,3,502,100,1301,150,4091,1,0,0,0,0,0,0
1137,KOBOLD_5,30,2462,481,290,1,168,15,10,75,60,999,40,1034,5500,912,100,1514,5,2104,3,502,100,1501,150,4091,1,0,0,0,0,0,0
1169,SKEL_WORKER,30,2872,397,240,1,242,0,15,72,45,998,400,1041,5500,757,90,5009,2,999,100,1003,200,1002,800,4092,1,0,0,0,0,0,0
1016,ARCHER_SKELETON,31,3040,483,283,9,128,0,0,121,39,932,4500,756,70,2285,3,1708,35,1752,1000,501,800,1701,150,4094,1,0,0,0,0,0,0
1044,OBEAUNE,31,3952,644,407,1,141,0,40,105,62,995,13,950,5500,5014,1,2326,10,720,10,951,500,748,25,4093,2,0,0,0,0,0,0
1134,KOBOLD_2,31,2179,806,407,1,262,15,10,77,62,999,100,1034,5500,912,200,2104,3,502,100,2101,100,512,0,4091,1,0,0,0,0,0,0
1135,KOBOLD_3,31,2179,644,407,1,186,15,10,119,62,990,35,999,100,1034,5500,912,200,512,0,2104,3,502,100,4091,1,0,0,0,0,0,0
1144,MARSE,31,5034,586,370,1,211,0,5,83,62,1024,5500,962,3000,717,200,720,10,995,12,1007,5,656,200,4095,2,0,0,0,0,0,0
1146,MATYR,31,2585,967,407,1,134,0,0,95,78,2618,10,528,5000,919,5500,537,400,757,100,656,200,512,0,4097,1,0,0,0,0,0,0
1177,ZENORC,31,2585,967,407,1,188,0,15,107,108,1044,5500,756,70,938,2500,1006,5,503,50,640,20,512,0,4096,1,0,0,0,0,0,0
1273,ORC_LADY,31,2000,644,407,1,135,10,10,100,73,7053,5500,998,300,2602,1,756,40,1352,10,508,900,2338,1,2206,1,0,0,0,0,0,0
1188,BON_GUN,32,3520,424,242,1,220,0,0,80,47,1094,5500,7014,40,618,60,2337,2,609,15,508,1000,502,250,5046,1,0,0,0,0,0,0
1279,TRI_JOINT,32,2300,386,220,1,178,20,5,99,80,7053,100,943,380,606,200,992,160,1001,140,512,0,757,106,512,0,0,0,0,0,0,0
1110,DOKEBI,33,2697,889,455,1,197,0,10,102,83,1021,5500,757,112,1517,2,1613,1,969,1,1501,300,1005,5,4098,1,0,0,0,0,0,0
1170,SOHEE,33,5628,739,455,1,210,0,10,91,66,1020,5500,1049,50,2277,1,2504,5,1217,5,501,1000,512,0,4100,1,0,0,0,0,0,0
1282,KOBOLD_ARCHER,33,2560,739,455,9,155,10,5,133,53,912,250,999,60,1034,5000,512,0,1763,2000,1711,5,756,79,512,0,0,0,0,0,0,0
1129,HORONG,34,1939,786,479,1,275,99,50,84,68,953,6500,912,500,2279,5,1752,10000,757,118,633,20,970,50,4103,1,0,0,0,0,0,0
1165,SAND_MAN,34,3413,810,492,1,180,10,25,94,68,997,35,1056,5500,757,118,1003,200,1001,200,1257,1,728,2,4101,1,0,0,0,0,0,0
1179,WHISPER,34,1796,591,599,1,180,0,45,94,85,1001,150,1059,5500,2282,1,2333,10,512,0,512,0,512,0,4102,1,0,0,0,0,0,0
1185,WHISPER_,34,1796,537,545,1,198,0,45,94,85,1001,10,1059,100,2282,0,2333,1,512,0,512,0,512,0,4102,0,0,0,0,0,0,0
1186,WHISPER_BOSS,34,5040,537,545,1,198,0,45,94,85,1001,150,1059,5500,2282,1,2333,10,512,0,512,0,512,0,4102,1,0,0,0,0,0,0
1164,REQUIEM,35,3089,800,458,1,220,0,15,92,88,603,35,714,1,912,2500,958,3500,934,1500,2308,10,512,0,4104,1,0,0,0,0,0,0
1280,STEAM_GOBLIN,35,2490,864,495,1,234,20,5,110,94,911,2500,7053,4000,998,300,999,55,1003,320,1003,320,757,124,744,2,0,0,0,0,0,0
1045,MARC,36,6900,988,625,1,220,5,10,92,72,995,18,956,5500,756,95,951,1000,720,10,717,200,509,600,4105,1,0,0,0,0,0,0
1133,KOBOLD_1,36,3893,988,625,1,265,15,10,88,126,999,100,1034,5500,912,700,757,25,1220,2,2104,5,512,0,4091,1,0,0,0,0,0,0
1041,MUMMY,37,5176,488,314,1,305,0,10,100,56,930,5500,756,100,934,550,2604,1,2611,10,525,250,502,450,4106,1,0,0,0,0,0,0
1032,VERIT,38,5272,835,517,1,389,0,5,76,57,929,5500,912,700,930,1100,509,550,2609,1,2612,200,639,20,4107,1,0,0,0,0,0,0
1130,JAKK,38,3581,1113,688,1,315,5,30,113,76,1062,5500,912,900,985,31,2331,5,1008,5,535,1000,512,0,4109,2,0,0,0,0,0,0
1151,MYST,38,3745,1391,688,1,365,0,40,91,76,5005,2,1019,800,10005,10,756,65,757,97,605,20,656,35,4108,2,0,0,0,0,0,0
1036,GHOUL,39,5118,882,541,1,420,5,20,72,59,958,5500,756,110,509,670,506,800,2609,60,934,150,1260,0,4110,2,0,0,0,0,0,0
1065,STROUF,40,9952,1238,752,1,200,5,50,83,80,951,5500,756,115,2241,2,1461,2,949,3000,720,20,956,1500,4111,1,0,0,0,0,0,0
1140,MARDUK,40,4214,1238,752,1,315,0,60,118,80,994,35,1045,4500,1608,10,2617,1,1614,3,1006,8,642,20,4112,1,0,0,0,0,0,0
1215,STEM_WORM,40,6136,1452,939,2,290,5,10,119,70,7012,5500,509,1800,912,1200,756,115,997,5,1454,20,608,45,4034,5,0,0,0,0,0,0
1277,GREATEST_GENERAL,40,3632,1238,752,3,350,15,15,122,60,7054,2000,1019,2000,1501,100,512,0,2272,1,503,150,609,35,512,0,0,0,0,0,0,0
1099,ARGIOPE,41,4382,1797,849,1,395,30,0,97,82,1042,5500,912,1200,757,175,2406,5,511,1500,719,10,512,0,4114,1,0,0,0,0,0,0
1143,MARIONETTE,41,3222,1078,1276,1,355,0,25,110,103,1060,5500,1001,5,2605,1,1008,10,1520,15,2407,1,656,200,4113,1,0,0,0,0,0,0
1035,HUNTER_FLY,42,5242,1517,952,1,246,25,15,114,147,996,30,999,100,943,5500,912,1300,756,129,2259,1,1226,2,4115,1,0,0,0,0,0,0
1271,ALLIGATOR,42,6962,1379,866,1,315,2,5,124,87,912,1000,1099,600,7003,2000,608,50,512,0,512,0,756,129,512,0,0,0,0,0,0,0
1029,ISIS,43,4828,2396,993,1,423,10,35,115,108,936,5500,2233,5,2603,1,733,150,732,20,954,1000,731,5,4116,1,0,0,0,0,0,0
1037,SIDE_WINDER,43,4929,1996,993,1,240,5,10,158,86,954,5500,912,1400,756,134,1120,2,937,2500,926,5000,509,1000,4117,1,0,0,0,0,0,0
1199,PUNK,43,3620,1699,1033,1,292,0,45,108,148,7001,5500,715,800,1001,300,1061,1000,1057,3000,601,1100,10004,10,2502,15,0,0,0,0,0,0
1214,CHOCO,43,4278,1265,1265,1,315,5,5,108,111,7011,5500,942,7000,985,53,513,5000,634,20,532,1000,607,25,4051,2,0,0,0,0,0,0
1281,SAGEWORM,43,3850,1155,1320,1,120,0,50,122,95,912,1200,1097,1000,1055,3000,2241,5,505,40,512,1000,5012,1,1550,15,0,0,0,0,0,0
1102,BATHORY,44,5415,2503,1034,1,198,0,60,109,120,1001,200,1061,5500,2252,3,1611,5,1000,30,1006,15,637,20,4119,1,0,0,0,0,0,0
1155,PETIT,44,6881,1677,1034,1,360,30,30,123,88,1035,5500,1037,300,756,140,509,1000,1510,150,912,1500,606,15,4118,1,0,0,0,0,0,0
1156,PETIT_,45,5747,1758,1075,1,300,20,45,118,158,1036,5500,1037,300,985,61,509,1000,602,500,912,1500,606,15,4120,1,0,0,0,0,0,0
1274,MEGALITH,45,5300,1758,1075,9,264,50,25,140,90,912,100,7049,1000,617,1,512,0,512,0,985,61,757,207,512,0,0,0,0,0,0,0
1109,DEVIRUCHI,46,7360,2662,1278,1,475,10,25,133,115,1038,5500,1039,400,2255,2,1458,2,1009,5,912,1500,756,154,4122,1,0,0,0,0,0,0
1211,BRILIGHT,46,5562,1826,1331,1,298,30,5,96,136,7009,5500,993,200,912,1200,602,1000,757,220,610,250,509,1600,4039,2,0,0,0,0,0,0
1108,DEVIACE,47,19192,2105,1329,1,514,10,20,109,94,995,25,1053,5500,1054,1000,5011,2,971,100,1256,3,756,161,4125,1,0,0,0,0,0,0
1212,IRON_FIST,47,4221,1435,1520,1,430,40,5,128,72,7010,5500,757,229,757,22,1002,750,999,180,998,300,512,0,4068,2,0,0,0,0,0,0
1253,GARGOYLE,48,3950,1650,1650,9,290,10,10,174,109,912,4000,1039,500,512,0,512,0,2619,1,1769,2000,757,238,512,0,0,0,0,0,0,0
1061,NIGHTMARE,49,4437,1729,1787,1,447,0,40,113,123,944,5500,510,500,2608,2,603,30,505,100,1261,1,984,60,4127,1,0,0,0,0,0,0
1189,ORC_ARCHER,49,7440,1729,1787,9,310,10,5,174,93,1063,5500,1753,1000,1756,2500,1755,2500,1716,2,501,1400,509,900,2330,5,0,0,0,0,0,0
1101,BAPHOMET_,50,8578,2706,1480,1,487,15,25,143,125,923,500,984,63,1464,2,607,50,610,100,503,300,2405,50,4129,1,0,0,0,0,0,0
1168,SCORPION_KING,50,6354,2187,1346,1,500,40,10,133,100,994,45,1046,5500,1005,15,904,5000,943,3000,504,700,512,0,4130,1,0,0,0,0,0,0
1180,NINE_TAIL,51,9466,1650,825,1,610,10,25,140,131,1022,5500,919,7000,603,100,604,100,526,250,525,350,756,100,746,200,0,0,0,0,0,0
1191,MIMIC,51,6120,165,165,1,150,10,40,126,172,617,5,603,45,1065,1200,611,3000,714,3,2626,1,757,270,2205,120,0,0,0,0,0,0
1257,INJUSTICE,51,7600,2118,1488,1,480,0,0,122,93,999,300,7054,5500,7053,3500,2313,5,2316,2,512,0,1255,2,512,0,0,0,0,0,0,0
1263,WIND_GHOST,51,4820,2118,1488,2,489,0,45,136,140,912,5000,932,6000,7005,500,1610,25,1611,8,996,100,1615,1,512,0,0,0,0,0,0,0
1267,CARAT,51,5200,1926,1353,1,330,0,25,136,92,7054,3200,536,1000,2409,5,5003,1,512,0,512,0,504,450,512,0,0,0,0,0,0,0
1149,MINOROUS,52,7431,2750,1379,1,590,15,5,104,94,941,5500,756,196,1361,2,1005,10,516,1500,1301,200,657,150,4126,1,0,0,0,0,0,0
1163,RAYDRIC,52,8613,3410,1795,1,830,40,15,121,99,985,106,2266,1,2315,2,1158,2,1116,100,1004,10,7054,5500,4133,1,0,0,0,0,0,0
1196,SKEL_PRISONER,52,8691,2466,1562,1,660,10,20,128,72,1098,3500,7016,100,2320,1,716,600,930,3500,2408,35,934,1500,2282,1,0,0,0,0,0,0
1213,HIGH_ORC,52,6890,3618,1639,1,428,15,5,134,98,7002,2500,1157,10,999,90,931,7500,912,1300,756,196,502,900,4066,1,0,0,0,0,0,0
1276,RAYDRIC_ARCHER,52,5250,3025,2125,9,415,35,5,197,77,7054,5500,512,0,2315,2,1701,150,1764,2000,1715,3,985,106,512,0,0,0,0,0,0,0
1192,WRAITH,53,10999,2199,1099,1,580,5,30,148,148,1059,6500,2206,10,2506,2,716,650,602,1300,2505,10,731,5,735,10,0,0,0,0,0,0
1197,ZOMBIE_PRISONER,53,11280,2635,1724,1,780,10,20,125,77,1099,3500,7016,105,2266,1,716,600,930,3500,2408,39,985,112,1093,1,0,0,0,0,0,0
1264,MERMAN,53,12300,3345,2054,2,482,10,35,138,98,1054,1300,523,300,657,200,720,40,995,35,1460,3,756,203,512,0,0,0,0,0,0,0
1098,ANUBIS,55,12359,2906,2700,1,688,0,45,150,124,2602,5,504,600,2601,5,1007,15,512,0,512,0,512,0,4138,1,0,0,0,0,0,0
1209,CRAMP,56,4720,2300,1513,1,395,0,5,121,141,7007,5500,528,1000,726,80,746,110,657,150,510,70,984,95,4028,2,0,0,0,0,0,0
1287,SOLDIER_GUARDIAN,56,15670,1,1,1,873,35,0,159,112,0,0,0,0,0,0,0,0,0,0,0,0,0,0,0,0,0,0,0,0,0,0
1131,JOKER,57,12450,3706,2362,1,621,10,35,155,200,912,2000,616,2,641,20,502,1000,1259,1,984,100,512,0,4139,1,0,0,0,0,0,0
1216,PENOMENA,57,7256,2870,2200,7,415,5,50,193,62,7013,5500,962,8000,938,7000,525,200,719,15,1258,1,716,550,4035,1,0,0,0,0,0,0
1117,EVIL_DRUID,58,16506,2890,1827,1,420,5,60,126,87,2217,10,1720,1,2508,2,1551,10,610,200,609,10,509,2000,4141,1,0,0,0,0,0,0
1193,ALARM,58,10647,3987,2300,1,480,15,15,143,120,1095,5500,2607,20,7005,1500,611,1300,984,105,7026,20,912,1500,512,0,0,0,0,0,0,0
1194,ARCLOUSE,59,6075,860,1000,1,570,10,15,134,134,1096,3500,938,3000,943,800,912,450,716,300,997,20,912,2500,512,0,0,0,0,0,0,0
1195,RIDEWORD,59,11638,2007,3106,1,584,5,35,179,134,1097,5500,1553,4,1554,4,1555,2,1556,2,7015,300,1006,20,722,5,0,0,0,0,0,0
1198,DARK_PRIEST,59,28470,3320,2974,1,298,30,60,141,113,1557,2,2608,30,505,100,716,450,1009,50,512,0,512,0,512,0,0,0,0,0,0,0
1260,DARK_FRAME,59,7500,3652,3271,1,960,10,45,144,131,7054,5500,734,1000,2505,30,512,0,512,0,1000,80,747,3,512,0,0,0,0,0,0,0
1269,CLOCK,60,11050,3410,2904,1,720,15,10,150,130,1095,5500,1019,800,504,900,657,220,7026,30,7027,30,985,163,512,0,0,0,0,0,0,0
1278,STALACTIC_GOLEM,60,18700,3872,2695,1,950,50,5,135,105,7004,2000,7054,5500,1000,250,997,30,757,250,512,0,985,163,512,0,0,0,0,0,0,0
1154,PASANA,61,8289,4087,2135,1,513,29,35,130,134,7110,4500,7121,2500,757,20,1005,500,1217,150,512,0,512,0,4099,1,0,0,0,0,0,0
1207,STING,61,9500,4081,2970,1,850,5,30,181,106,7004,5500,1756,1500,2624,1,1003,130,997,25,10007,10,2209,350,719,3,0,0,0,0,0,0
1275,ALICE,62,10000,3583,2400,1,550,5,5,162,126,7047,2500,637,40,2407,3,739,30,512,100,503,400,2215,5,512,0,0,0,0,0,0,0
1132,KHALITZBURG,63,19276,4378,2750,1,875,45,10,136,128,932,8000,985,191,5017,1,2108,2,1004,10,504,1000,1127,2,4136,1,0,0,0,0,0,0
1200,ZHERLTHSH,63,18300,3608,2304,1,700,10,15,188,148,7017,5,504,800,503,1200,2331,8,2622,1,984,134,2291,3,512,0,0,0,0,0,0,0
1206,ANOLIAN,63,18960,4378,2907,1,640,15,15,160,106,7003,5500,1754,2000,504,650,10019,10,943,5500,2625,1,984,134,526,5,0,0,0,0,0,0
1270,C_TOWER_MANAGER,63,18600,4378,2850,3,880,35,30,138,138,1095,5500,7054,5500,999,500,520,850,2109,1,7026,2000,7027,2000,512,0,0,0,0,0,0,0
1086,GOLDEN_BUG,64,126000,14300,7150,1,870,60,45,149,139,969,1000,1524,150,2246,250,10016,500,714,300,985,2000,984,1500,4128,1,2610,2000,701,1000,512,0
1115,EDDGA,65,152000,25025,12870,1,1215,15,15,155,135,1133,150,2268,250,518,10000,1258,500,1030,250,985,2300,984,1700,4123,1,1029,5000,1030,1000,994,3000
1205,EXECUTIONER,65,28980,4730,3536,2,570,35,35,153,150,7024,5,1108,100,1111,80,1114,60,1125,40,999,120,984,145,512,0,0,0,0,0,0,0
1150,MOONLIGHT,67,120000,27500,14300,1,1200,10,55,162,166,5008,1000,1234,100,1525,150,10008,500,638,650,985,2600,984,1900,4131,1,1022,5000,504,1500,728,500
1159,PHREEONI,69,188000,32175,16445,1,880,10,20,199,154,1015,10000,1223,500,1236,150,1014,5000,2288,300,985,2900,984,2100,4121,1,1008,500,730,1000,7124,4000
1112,DRAKE,70,326666,28600,22880,1,1800,20,35,149,150,1127,600,1125,950,1135,150,1128,400,5019,350,985,3200,984,2300,4137,1,504,5000,719,500,512,0
1201,RYBIO,71,9572,6317,3520,1,686,45,37,148,168,1015,4000,7017,3,504,800,731,30,1008,10,984,100,512,0,512,0,0,0,0,0,0,0
1204,TIRFING,71,29900,5412,4235,1,950,30,35,203,158,7022,1,638,50,1211,100,1214,70,1217,40,999,120,984,189,1157,25,0,0,0,0,0,0
1046,DOPPELGANGER,72,249000,51480,10725,1,1340,60,35,197,162,2317,250,1162,220,1168,150,2258,350,1411,550,985,3800,984,2700,4142,1,724,1500,505,6000,512,0
1259,GRYPHON,72,27800,5896,4400,1,880,35,35,187,167,7048,2500,7054,5500,7063,120,1452,1500,757,150,984,185,996,150,1417,1,0,0,0,0,0,0
1202,PHENDARK,73,22729,6826,3443,2,794,52,36,150,135,1015,4000,7017,4,504,800,512,0,984,150,512,0,512,0,512,0,0,0,0,0,0,0
1059,MISTRESS,74,212000,39325,27170,1,880,40,60,144,239,1413,150,518,10000,2249,250,616,1000,7018,10,985,4400,984,3300,4132,1,996,1500,526,4000,722,3000
1190,ORC_LORD,74,393000,62205,8580,1,2700,40,5,184,156,1363,200,2601,500,5007,150,2627,1000,512,0,985,4400,984,3100,512,0,968,5500,617,2000,512,0
1208,WANDER_MAN,74,8170,5786,4730,2,450,15,15,201,266,7005,5500,616,1,1164,1,2270,5,610,650,984,217,608,3,732,1,0,0,0,0,0,0
1285,ARCHER_GUARDIAN,74,28634,0,0,12,1120,35,60,239,154,0,0,0,0,0,0,0,0,0,0,0,0,0,0,0,0,0,0,0,0,0,0
1203,MYSTELTAINN,76,33350,6457,5159,2,1160,30,30,235,215,7019,1,1117,100,1152,70,1155,40,1163,2,999,120,984,243,757,215,0,0,0,0,0,0
1087,ORK_HERO,77,295700,58630,32890,1,2257,40,45,182,168,968,10000,10018,500,1366,150,2106,250,1124,1000,985,4700,984,3700,4143,1,725,2000,607,1500,999,5000
1038,OSIRIS,78,415400,71500,28600,1,780,10,25,164,153,617,2000,1232,150,2235,200,1255,600,1009,1000,5053,150,984,3900,4144,1,603,4000,608,3000,751,500
1148,MEDUSA,79,22408,6876,4697,1,827,48,38,156,153,1048,6000,522,2500,702,200,2610,150,722,250,967,3500,1007,3,4124,1,0,0,0,0,0,0
1219,KNIGHT_OF_ABYSS,79,36140,8469,6268,1,1600,55,50,214,147,1064,5500,7023,5,2318,1,1410,25,1162,1,985,369,984,259,1160,15,0,0,0,0,0,0
1272,DARK_LORD,80,360000,65780,45045,2,2800,30,70,179,200,1615,800,5017,550,1237,300,2334,300,2507,100,985,5300,984,4100,2609,140,7005,6000,512,0,617,2000
1039,BAPHOMET,81,668000,107250,37895,2,3220,35,45,201,233,1466,200,2256,200,2607,800,714,500,617,3000,985,5600,984,4300,4147,1,607,2000,750,500,923,5000
1147,MAYA,81,169000,42900,17875,1,1800,60,25,163,178,10006,500,2615,200,2234,200,639,500,7020,10,985,3500,984,2500,4146,1,730,2000,603,3000,617,2000
1268,BLOODY_KNIGHT,82,57870,10120,6820,3,2150,60,50,207,157,7054,5500,2229,45,2317,5,2106,65,1170,1,984,304,985,433,1417,2,0,0,0,0,0,0
1286,KNIGHT_GUARDIAN,86,30214,0,0,2,1280,55,30,211,126,0,0,0,0,0,0,0,0,0,0,0,0,0,0,0,0,0,0,0,0,0,0
1288,EMPELIUM,90,68430,0,0,1,0,50,50,100,100,0,0,0,0,0,0,0,0,0,0,0,0,0,0,0,0,0,0,0,0,0,0
1157,PHARAOH,93,445997,114990,41899,1,2267,67,70,182,186,7113,6000,7114,2500,1136,100,2327,150,5002,500,1552,300,984,4500,4148,1,1009,5500,526,5000,732,5000